Barcode,Name
71555006205,# 20 WET MOP REFILL
71555006243,# 24 WET MOP REFILL
14973932206,#0 SIGN
74972972078,#1 PHILIPS SCREWDRIVER
14973931230,#1 SIGN.
14973931308,#1 SIGN.
24721905840,#10 COUNTERSINK
6619650000000,#16 MOP
`738226450063,#2 BIT
74972972245,#2X10'' SCREW DRIVER
74972972092,#3 PHIPS SCREWDRIVER
14973931254,#3 SIGN
14973931261,#4 SIGN
75877015556,#5 DOOR CLOSER
39257477006,#7
14973931292,#7 SIGN.
14973932183,#8 SIGN
14973932190,#9 SIGNS
24500663800,#9 SNGL EDGE 100PK BULK
75352600543,.300 HED DRIVE PIN
76308009137,.75OZ BONDO RED CREAM HARDN
75339088302,";,l"
10284124156,`OZ`FURNITURE CRM POLISH-16 OZ
10284124163,`OZ`FURNITURE CRM POLISH-32 OZ
8781952112,"0 X 3"" PHILLIPS MAGNETIC TIPPED SCR"
47719003045,00304 3LB CLEAR SHELLAC
22384006300,"00630C 9""PREM PAD REFIL"
22384007406,"00740C SHL 7""PREM INT/EXT PAD"
47719009016,00901 BIN PRIMER-SEALER GALLON
47719009047,00904 BIN PRIMER-SEALER QUART
70950013603,01360 ICE PICK/CRUSHER
47034023018,02301 PAP/PLAS DROP 9X12
47404310038,23169126237
44600024509,02452 ULTRA LIQUID BLEACH 96OZ
44600024523,02452 ULTRA LIQUID BLEACH 96OZ
30699345816,30699353019
53188031137,03113 5* SINGLE CYL DEADBOLT PB
98499847039,32664539428
51131034587,03458 RFCT SFTY TAPE 1X36 RED
44600038025,03802 ULTRA CLOROX 2 44 OZ
53188041143,04114 5* DOUBLE CYL DEADBOLT PB
70848008414,42844270102
45923038426,45923038426
53188046469,"04646 5* 5""AL FLIP-DWN DR HLDR"
22384049352,"04935C SHL 4""FABRIC REFILL 2/PK"
22384049406,"04940C SHL 4""FOAM REFILL 2/PK"
22384049505,"04950C SHL 6""FOAM REFILL 2/PK"
79423062209,"06220 HYDE 2"" FLEX MAXX GRIP"
22384066151,"06615C SHL 12""HNDL ROLLER FRAME"
22384066250,"06625C SHL 16""HNDL ROLLER FRAME"
74972075656,"07565 DRX 15""RIPPING CHISEL"
76670003788,76670000152
77922893034,77578012612
19442176570,79567100089
19442176594,79567100089
19442176914,79567100089
49448080007,08 HEX PLUMB BOB 8OZ
53188082115,08211 5* PRIVACY LOCKSET PB
53188092510,"09251 5* 4""BP NO-MRTS HINGE PR"
53188093739,"09373 5* 2""ZP STRAP HINGE (PR)"
53188093746,"09374 5* 3""ZP STRAP HINGE (ZP)"
53188093753,"09375 5* 4""ZP STRAP HINGE (PR)"
53188093760,"09376 5* 5""ZP STRAP HINGE (PR)"
53188098413,"09841 5* 3""BP NRRW UTIL HNG PR"
53188099762,09976 5* 5* XHVY BARREL BOLT
53188099779,"09977 5* 6"" XHVY BARREL BOLT"
53188099984,"09998 5* 4"" BP BARREL BOLT"
87115009319,0GRY WP RND Lamp Cover
87115009333,0GRY WP RND Lamp Cover
20418180354,"¬""STL/Zinc Quick Link"
32076894160,"¬""WHT COAX STAPLE"
74972911800,« COLD CHISEL FORGED
54956828539,« GAS VALVE
54956828577,« GAS VALVE
38728411020,« GROMMT KT(24)
42526611322,« HANSN MSRY BIT
32888080034,« IPS SILLCOCK
49223528533,« TACK
74972911213,« WOOD CHISEL
76174163087,"«"" Bi-Material Chisel"
8781980009,"«"" DRIVE PIN (100 PER BOX)"
45325133071,"«"" GLASS & TILE DRILL"
20418179723,"«"" RND Eye Trigg Snap"
32076019303,"«""CONDUIT BENDER"
32076660505,"«""INSUL STAPLE 50BAG"
39003091173,"«""WHT RUBBER TIPS"
77578024295,"«""x20` Caulk Saver"
636661000000,"«""xClose Nipple"
37459111674,"«P U-BOLT 1/4""  11167"
20066778071,«PT Clean MTL Primer
70798121409,«PT F&F SPACKLING
20066777678,«PT FLT BLACK Enamel
20066779078,«PT FLT WHT Enamel
70798121201,«PT GLAZE COMP WHITE
70798121218,«PT GLAZE COMP WHITE
19199037339,«X10 FH PHIL SMS S/D
662386000000,«x10` M Hard COP Tube
32888003057,«x10QTR Fros Sillcock
76174304855,«X12`STANLEY BRAND TAP
92503270073,«X3/4 VNYL TUBING
92503270066,«X5/8 VNYL TUBING
19199037254,«X6 FH PHIL SMS S/D
33923926423,"«X6""EYE BOLT 2C"
19199037285,«X8 FH PHIL SMS S/D
21200010279,«x800 Cellophane Tape
82647083837,1  INCH  ANGLE  VALVE
82647083844,1  INCH  ANGLE  VALVE
84389021238,1 /16 tile spacers
162627000000,1 1/2 BLUE TAPE
94922065438,1 1/2 BLUE TAPE
94922065452,1 1/2 BLUE TAPE
76670000121,1 1/2 BRUSH
42805009116,1 1/2 cp P trap less C/O
42805009307,1 1/2 cp P trap less C/O
42805009925,1 1/2 cp P trap less C/O
42805879733,1 1/2 ELBOW PIP
18239334643,1 1/2 NAIL
39003099353,1 1/2 nail on filt pad
38613121614,1 1/2 OPEN S HOOK
37064090050,1 1/2 PUTTY KNIFE
75877793119,1 1/2 speed bore
76174163247,1 1/2'' WOOD CHISEL
708939000000,"1 1/2"" SLIP TEE"
43374608977,"1 1/2"" X 1 1/2"" X 48"" ANGLE ALUM BAR"
49223503578,1 1/4 CUP HOOKS
36448024957,1 1/4 cylinder
77578030739,1 1/4 FIBERGLASS PIPE INSULATION
9326400860,1 1/4 P TRAPS
75352600468,1 1/4 POWER NAILS
82472122206,1 1/4 WOOD & METAL
46224000013,"1 1/4"" J BEND"
43374608632,1 1/4X1 1/4 48 AL ANGLE
43374582710,1 1/4x1 1/4x72 aluminum
37155807833,1 1/5 TOP ST
82472122282,1 3/4 HOLL SAW
8413800000000,1 3/8 DIAMOND SAW
38613113053,1 CORNER BRACES
75877290007,1 felt pads 4floor
93912847139,1 GAL ACID MAGIC
23883200756,1 GAL BLEACH SPRAYER
73149488411,1 GAL JAR
15944100013,1 GAL WATERPROOF SEALER
76174211153,1 Handed Shaver Tool
54006300879,"1 INCH MINIBLIND 32"""
76670912103,1 MIL  DROP
33923075992,1 PRG ROBE HOOK
49296020873,1' ROCK HARD CUTTER
49296020880,1' ROCK HARD CUTTER
74972946949,1 SPRING CLAMP
27691010064,1 SQ M PEELAWAY CLOTH 3PK
27691010231,1 SQ M PEELAWAY CLOTH 3PK
45923700705,1 Yd. Brass Finish Oval Chain
48661006276,"1"""
38561306101,"1"" 45 ELBOW"
77089162219,"1"" BLACK CHINA VARN"
77089161014,"1"" BLACK CHINA VARN"
32888093058,"1"" BRZ Rad Steam Valve"
76812010605,"1"" c clamps"
683264000000,"1"" COP 90 DEG Elbow"
43593580481,"1"" DRIVE PIN (100)"
74523271902,"1"" felt pads"
77922858033,"1"" Green tape"
77578024578,"1"" INSULATION"
82472340167,"1"" LENOX HLSAW"
38561307108,"1"" PVC 90 ELBOW"
38561301106,"1"" PVC COUPLING"
93581001542,"1"" STEEL BRACKET"
33923013598,"1"" UTIL HNGE NRP US3"
54006300718,"1"" VINYL MINI BLIND"
54006301265,"1"" VINYL MINI BLIND"
74972911237,"1"" WOOD CHISEL"
32972911237,"1"" WOOD CHISEL"
38561302172,"1"" X 1/2"" GLUE BUSHING"
33923403061,"1""CRNR BRACE GALV ST2H"
75352600482,"1""DRIVER PIN"
76812032805,"1""mini spring clamp"
76174163162,"1""WOOD CHISEL"
21854001029,"1""x 60""  BLUE MASKING TAPE"
93554016207,"1""X15 FT RATCHET TIE DOWN"
93554016252,"1""X15 FT RATCHET TIE DOWN"
51131762749,"1""X60"" EXT MOUNTNG TAPE"
51131595149,"1""x60`BLK HD Safe Tread"
9637170000000,1.0 mil DROP CLOTH
76670901015,1.000 pl d cloths
43593580498,1.25 DRV PIN (100)
85721282294,"1.25"" PAPER TAG 25/PK"
33923926966,"1.25"" SQ SCREW HOOK US3"
33923926935,1.250 US2C CD SCR HK
74972900651,1.4 x 3ft tape measure
77089161021,"1.5"" BLACK CHINA VARN"
77089162226,"1.5"" BLACK CHINA VARN"
43593580504,"1.5"" DRV PIN (100)"
29925622166,1.5L Mist Hand Sprayer
6957050000000,1.5V BATTERY
73149125019,1.8 BUCKET
77922761999,1.87x60YD Pro Duct Tape X.H.D.
74972912340,1/  WOOD  CHISEL
8781530129,"1/ 3"" SCREWDRIVER"
76670601090,1/10 CAULK GUN SMOOTH ROD
43374491623,1/16 TILE SPACERS
87961791161,"1/16""TILE SPACER 250"
82647201033,1/2  ANGLE TOP VALVE
82647201637,1/2  ANGLE TOP VALVE
82647205130,"1/2 "" boiler drain"
82647205147,"1/2 "" boiler drain"
887480000000,"1/2 "" THREADER ROD"
75877579003,1/2 BIT
75877579256,1/2 BIT
42526124112,1/2 COUNTER SINK
70537001207,1/2 CUP SCOOP
77578024486,1/2 INSULATION 6'
79819443926,1/2 roller covr
38613179530,"1/2 tr rodx36"""
82647201064,1/2 VALVE
82647099555,1/2 VALVE
75877790156,1/2 WOOD CHISEL
10731122780,"1/2 X 12"" MASONRY BIT"
24721029188,"1/2 X 13"" MASNORY BIT"
54956828546,"1/2"" FIPx3/8"" COMP ANGLE STOP"
82647514683,"1/2"" GATE VALVE"
39003091050,1/2plasti leg tips
43374582147,1/2x1/2 aluminum angle
32888003064,1/2X12QTR FROS SILLCOCK
82647291102,1/2X3/8 SWEET ST VALVES
76812005571,1/32 NAIL SET
74972911701,1/32 NAIL SET
42526081200,1/4  THREADER
91044218254,"1/4 "" KEYLESS CHUCK"
10731112514,1/4 BIT
10731112552,1/4 BIT
10731112750,1/4 BIT
10731122513,1/4 BIT
10731122612,1/4 BIT
10731122629,1/4 BIT
10731122667,1/4 BIT
10731122698,1/4 BIT
10731122711,1/4 BIT
10731122728,1/4 BIT
10731122735,1/4 BIT
10731122537,1/4 BIT
10731122575,1/4 BIT
42526611162,1/4 HANSN MSRY BIT
45325131336,1/4 HEX SHANK DRILL BIT
75877790637,1/4 HIGH SPEED BIT
149819000000,1/4 ROLLER PAINTERS
74972911848,1/4 TAPER PUNCH FORGED
10306100052,1/4 TILE SPACERS
10731122742,"1/4 X 12"" MASONRY BIT"
24721029140,"1/4 X 13"" MASNORY BIT"
10731122605,"1/4 X 6"" MASONRY BIT"
92097951617,1/4 X3 1/4 TAPCON
76174163049,"1/4"" Bi-Material Chisel"
20418191534,"1/4"" BLU DBL Clevis"
24721029072,"1/4"" MASONRY BIT"
43374491609,"1/4"" TILE SPACERS"
20418201714,"1/4"" Wire Rope Clip"
82472308839,1/4-3/4 VARIBIT
20418201516,1/4Galv Scr Pin Shackle
5464707000,1/4pt pvc cement
76335825205,1/4x2 bolt
76335825212,1/4x2 bolt
76335825229,1/4x2 bolt
76335825236,1/4x2 bolt
76335825250,1/4x2 bolt
76335825267,1/4x2 bolt
33923012461,"1/4X2-5/8""EYE BOLTS 2C"
92503270035,1/4X3/8 VNYL TUBING
51643061804,1/4X300' BUNGEE CORD
51643061859,1/4X300' BUNGEE CORD
51643061927,1/4X300' BUNGEE CORD
99385030306,1/4X36 THREADED
346279627,1/4x4 SDS Shank Bit
22315100022,1/6HP UTILITY PUMP
79055008057,1/8 ARROW LONG ALUM RIVET
79055008040,1/8 ARROW MED ALUM RIVET
79055008033,1/8 ARROW SHORT ALUM RIVET
42526611087,1/8 HANSN MASON BIT
75877079251,1/8 MASONRY BIT
43374491685,1/8 TILE  SPACERS
10306100267,1/8 TILE SPACERS
19442147068,"1/8"" 90 BLK ELBOW"
75352085005,"1/8"" CONCRETE BIT"
45325133019,"1/8"" GLASS & TILE DRILL"
20418201646,"1/8""STL/Zinc Quick Link"
82472308815,1/8« VARIBIT
92503271018,1/8X3/16 VNYL TUBNG
76812121875,10  FT MEASURING TAPE HV1010
37103063304,10  FT MEASURING TAPE HV1010
37103063311,10  FT MEASURING TAPE HV1010
76812585066,"10 ""JOINT PLIERS"
84389019112,10' BRICK TROWEL
76812010995,10'' CUT HACKSAW
370709015,10 en 1 p tooll
75877010001,10 FT TAPE MEASURE
24826201076,10 H/DIP 10QT WATER PAIL
840120000000,10' HDMI CABLE
80497880606,10 IN 1 MULTIPURPOSE TOOL
22384072176,10 IN 1 MULTIPURPOSE TOOL
41482162909,10 LB SALT
24826110286,10 OZ.TIN FUNNEL
73149092830,10 Q BUCKET
73149120106,10 qts blue bucket
40094501991,10 SPD BLENDER-PLAST-WHITE
37005553149,10 SPEED BLENDERS
76174874716,10' STANLEY PLIERS
37064091606,10'' TAPE KNIFE
24721001887,"10 TPI 12"" BLADE"
24721001870,"10 TPI 6"" BLADE"
24721001825,"10 TPI 8"" BLADE"
24721010322,"10 TPI 9"" BLADE"
74972985290,10 VISE WRENCH
7501810000000,10 X 1-1/4     ZC PH PH TAP SC
75877795069,"10"" ADJ. WRENCH"
75877795083,"10"" ADJ. WRENCH"
75877795106,"10"" ADJ. WRENCH"
75877795120,"10"" ADJ. WRENCH"
8781953140,"10"" ADJUSTABLE WRENCH CARDED"
29274151799,"10"" BLACK Shelf Bracket"
75877010117,"10"" BOX FAN"
75877791504,"10"" CIRCULAR BLADE"
30721770371,"10"" CONTEMPO MEDALLION"
45923771026,"10"" Drum Glass w/Chrome Holder"
38548028095,"10"" Fast ADJ Pliers"
76812004574,"10"" FILE"
74972075182,"10"" GROOVE JOINT PLIER DU"
74972987034,"10"" PIPE WRENCH"
74972077032,"10"" PIPE WRENCH DUREX"
76812009388,"10"" PLUMBING WRENGE"
71555104505,"10"" SCREEN  26""X45"""
71555184507,"10"" SCREEN  26""X45"""
29274006068,"10"" WHT Shelf Bracket"
79423092602,"10""MAXXGRIP BLUE JOINTK"
74972955187,"10""SLIP GROOVE PLIERS"
70648305102,10# BAG QIK ICE MELT
70798184121,10.1OZ CDR LTX Sealant
86383000325,10.2OZ PL MIRROR MASTIC - TAN
86383000127,10.2OZ SubFLR Adhesive
25216666000,10.5OZ Bird Repellent
27134217265,10.5OZ BJ ROOF CEMENT
21709522068,10/MINUTE COLG REMOVER
39612981025,100 FT MODULAR EXTENSION
32664217302,100 ft orange ext h d
6920240000000,100 LIGHT SET
41294974158,100 oz lavender pinsole
37000922919,100 OZ TIDE
92334051919,100 PIECE RAZOR BLADES
799519000000,100 ultra brite lights
23906811310,100% ACRYL SDNG STN      WHITE
46135143748,100/300 W SOFTWHITE 3WAY
32886263095,100` 12/2 W/G NMB Cable
76174470994,100` PRO CHALK LINE
77089001006,1000  dropth  cloths
79055021148,1000 STAPLES 1/4
73561000529,100052 MIR-GRO LIQ PLANT FOOD
73561000994,100052 MIR-GRO LIQ PLANT FOOD
27557688574,1000WATT DIMMER
46135100154,10015 15WATT SOFT WHITE
79567100850,10085/290098 LAVA SOAP 5.75OZ
45923039713,100A/RS   100W Rough Service Med.
45923017148,100A19F 100W  4-Pack Med.
29612137973,100FT EXT CORD
45923950070,100FT ORANGE CORD
45923049798,100K19  Directional Reflector 2-pac
44882425506,100'ORANGE CORD
72874000431,"100PK MED 9"" LTX Glove"
45923287893,100W
45923060540,100W A19  Med.
46135112263,100W A19 CLEAR BULB
46135189708,100W A19 HALOGEN A19
45923034770,100W Dble Envelope Halogen-CD/1 Med
45923036439,100W GLOBE BULB
45923031281,100W High Pressure Sodium Clear  Me
46135127700,100W SOFT WHITE BULB
43168903066,100W SOFT WHITE LONGER LIFE 2 PK
46135188497,100W T10 FROSTED HALOGEN BULB
19199016686,10-14 PLASTIC ANCHOR ASST
28452102196,"10219 G.N. 16""X24""RAFTER SQUARE"
3685270000000,"10-24 X 3"" MACHINE SCREWS"
37516105073,10507 METRIC HEX L KEY SET 7PC
32664298806,1054-BOX BAKELITE SOCKET EXT.
46135105760,10576 60W A19 SOFT PINK PK2
79085107089,10708 50` #6 CLOTHESLINE
23316005767,1090' NYLON TWINE
46135109966,10996 40W SOFT WHITE BULB
51712724579,10A FUSE
37005552982,10CUP  COFFE MAKER
26282962102,10GAL Ultra Plus Vac
10186081762,10LB CUST WHITE DRY GRT
47871662043,10LB Fire Extinguisher
76812901330,10M/33' TAPE MEASURE
34219101104,10PC PERMA CEMENT
24826201175,10QT.FLAT BOTTOM FIRE PAIL
88651000020,10TO12    PLATE  HANGER
88651000044,10TO12    PLATE  HANGER
17801012217,10W CLR HALOGEN 2-PIN
45923038648,10W G8   Cand.
14567136195,10W LED BULBS
70052102502,10x25 4Mil CLR Sheeting
29274004026,10x48 Oak Shelf
29274004323,10x48 WHT Shelf
29054019127,10year smoke larm
77089150025,1« BRISTLE BRUSH
39003092262,"1«""BLK LEG TIPS-2CD"
82472340242,"1«""LEN HLSAW"
10186065205,1«GAL Mortar Admix
19199037377,1«X10 FH PHIL SMS S/D
51131565708,1«x170BLK Cloth Tape
51131565746,1«x170BLU Cloth Tape
51131565753,1«x170BRN Cloth Tape
51131565739,1«x170GRN Cloth Tape
51131565692,1«x170RED Cloth Tape
51131565715,1«x170WHT Cloth Tape
51131565722,1«x170YEL Cloth Tape
77578029467,1«x36 GLD Carp Bar
77578029443,1«x36 SLV Carp Bar
77922713158,1«X60 PT MSK TAPE
77922770656,1«X60 STRAP TAPE
77922770663,1«X60 STRAP TAPE
77578029450,1«x72 SLV Carp Bar
19199037322,1«X8 FH PHIL SMS S/D
77089611120,11 PC/TRAY SET
71691403487,11 QT BUCKETS BLUE
53188023736,"11"" DOOR SPRING"
45923760242,"11"" flush 11-1/4"""
74972070835,"11"" NYLON TIES 100 PK WHT"
74972070897,"11"" NYLON TIES 100PK BLAC"
73149109187,11.4 GAL WASTE BUSKET
30699434800,11/2 ALUMINUM ANGLE
76670025322,11/2 BRUCH
76670025346,11/2 BRUCH
76670025650,11/2 BRUCH
8781536121,11/2 c clamp
19442347710,11/2 CAP
38613113138,11/2 CORNER BRACES
82901165330,11/2 EXTENCION PVC PIPE
14973930028,"11/2"" NUMBER"
14973930035,"11/2"" NUMBER"
14973930097,"11/2"" NUMBER"
14973930363,"11/2"" NUMBER"
14973930370,"11/2"" NUMBER"
14973930387,"11/2"" NUMBER"
14973930462,"11/2"" NUMBER"
14973930189,"11/2"" NUMBER"
14973930660,"11/2"" NUMBER"
14973930677,"11/2"" NUMBER"
14973930790,"11/2"" NUMBER"
14973930820,"11/2"" NUMBER"
14973930837,"11/2"" NUMBER"
14973930899,"11/2"" NUMBER"
14973930905,"11/2"" NUMBER"
14973930967,"11/2"" NUMBER"
21854001173,"11/2""x 60 YDS BLUE TAPE"
19442348007,11/2X31/2 BRASS NIPLE
74972972931,11/32 NUT DRIVER
8781533045,11/32`` NUT DRIVER.
37064090029,11/4  PUTTY KNIFE
370211563,11/4 CAMPERS/AXE
18239333936,1-1/4 inch 18 gauge nails
18239333974,1-1/4 inch 18 gauge nails
671455000000,11/4 P TRAP
74972911244,1-1/4 WOOD CHISL
76174163209,"1-1/4""BiMaterial Chisel"
33923927024,"1-1/4""CLOSED""S""HOOK ZC"
39003092200,"1-1/4""SLIDE GLIDE LEG TIPS"
19199037360,11/4X10 FH PHIL SMS S/D
77578030418,1-1/4x1-1/4x42 A/C Tape
19199035687,11/4X12 PH(+)SLF DRL SMS
77578011028,1-1/4x3/16MP WTHR Strip
77578029269,1-1/4x36 SLV Seambinder
19199037315,11/4X8 FH PHIL SMS S/D
82472340181,"1-1/8""LEN HLSAW"
77578029382,1-1/8x36 GLD Stair Edge
77578029368,1-1/8x36 SLV Stair Edge
52181110023,11002 CABINET SLIDE LOCK PK2
20134011000,1100CS FRANKLIN SOL BR KB
76818010012,110133/13 SHOE GOOP II 1 OZ CS
46587001047,11« Silent Ballcock
46135111808,11180 60W STD NSIDE FROST BLB
23906139445,112-21 PORCH AND FLOOR
46135112256,11225 75W A19 CLEAR BULB
23906140243,112-72
75877961136,113 PC SELF-STICK PADS
73963115333,11533C/12 IRON HLD 33G TWST 15C
28845001969,1157 LIGHT BULBS
53188310928,11OZ 5*WET/DRY ROOF CEMEN
45923072567,11w bulb
75877000323,12'' CIRCLINE BULBS
39612119510,12 CUP COFFEE MAKER
22333435014,12 CUP COFFEE MAKER
70686730409,12 INCH FLUOR  LITE
28452102226,12 INCH SQUARE
39953530487,12 LED FLASH
75877975614,12 LED HEADLIGHT
75877045676,12 LED/LANTER
75691606411,12 P HAND SEWING KIT
71691223511,12 QT BUCKET
71691223733,12 QT BUCKET
71691223764,12 QT BUCKET
71691223832,12 QT BUCKET
40094521821,12 speed  blender
46013401335,12'' TABLE FAN
76812901125,12' TAPE
79085107126,12' tape measure
8781011369,"12 VOLT CORDLESS DRILL, 3/8"" KEYLESS"
8781011482,"12 VOLT CORDLESS DRILL, 3/8"" KEYLESS"
8781011123,"12 VOLT CORDLESS DRILL, 3/8"" KEYLESS"
75877121608,12 X 16 BLUE TARP
29274006075,"12"" SHELF SUPPORT"
45923773921,"12"" Square Floral Glass Fixture"
29274007300,"12"" STANDARD WHITE"
39961060280,"12"" Toilet Connector"
71691152866,"12"" TOOL BX GY"
74972075663,"12"" WRECKING BAR"
8781402129,"12"" X 14"" WHITE SHELF BRACKETS"
28452102257,"12"" Zinc Comb Square"
49448400003,"12"" Zinc Comb Square"
76174152654,"12""HACKSAW"
74972955194,"12""SLIP GROOVE PLIERS"
31949312244,"12""X 24""X 1"" EZ FLOW AIR FILTER"
77680201256,12/2 25FT CABLE
32886065187,12/2bx  cable
32886067402,12/3 BX CABLE
74972900125,12` CHROME TAPE MEASURE
45923931734,12` Coiled Extension Cord-Black
45923931697,12` Coiled Extension Cord-Green
45923931758,12` Coiled Extension Cord-Yellow
20134012021,"1202CS 1""BRASS LK 622"
20134012038,1203CS 1-1/4 BRASS LK 623
39800011633,1209 S-HD 6V BATTERY
71649376504,120D MASTER BRASS LOCK
42741007856,120VOLT SMOKE ALARM W/RIN
43374044409,"120X64""WINDOW INSUL KI"
86876048438,12«GAL Recyc Box
32076050016,12-10 AWG RG TERM #10
32076050108,12-10 BUTT SPLICE
70798121225,12122 QT GLAZ COMP WHT
19744120004,1220HS MILWAUKEE DUAL HEAT GUN
53188112225,1222 5* SASH LOCK
23906040048,122-21
23906786212,122-3B
23906152062,122-70 FLOOR & PATIO
23906152086,122-74
77680201423,12-3 12FT BX CABLE
17801823806,125 WTS. COMP. FLUORESCENT BULB.
79055500001,1250 CEILTILE STAPLES
38728120281,129 GNRL MINI TBE CTTR 1/8-5/8
29892081201,12FT BOOSTER CABLE 10GA.
29612000857,12FT CORD
32664129902,12FT EXTENCION
39612100969,12FT RG-59U COAX CABLE
43168980432,12INS  FC12 T9
47719004080,12OZ Aero Shell Finish
74985001185,12OZ FILL/SEAL
71153002036,12OZ HD Brake Fluid
19200020329,12OZ SPRAY COUNTRY
19200022910,12OZ SPRAY ORIGINAL
74985003004,12OZ TRIPLE
39003099582,"12PK «"" BRN RND Pad"
36000443448,12PK WHT Hardroll Towel
71691223740,12QT BISQUE BUCKET
73149123435,12QTS/ BLUE PAIL
39725034304,12V CORDLESS DRILL
811285000000,12V LITHIUM-ION DRILL/DRIVER
75877003058,12V250 AIR COMPRESSOR
45923073410,12wx20x26w bulb
88969170613,12X12  STICK  TILES
43374560121,12X12 ALUM.SHEET
98802580059,12x12x5/8 Corner Shelf
23316512142,12X14 HD TARP
11738112163,12X16 BLUE TARP
29274004040,12x24 Oak Shelf
8781511111,12X3/4 TAPE MEASURE
31949151744,12x30x1 FBG Furn Filter
720435000000,12X32 BLUE POLY TARP
29274004057,12x36 Oak Shelf
29274004361,12x48 WHT Shelf
73149109385,13 GAL CAN
12587786291,13 Gal garbage bag
70052547112,13 GALLON K BAGS
70052546283,13 gallons kitchen bags
70052546290,13 gallons kitchen bags
93554011301,13 PC DRILL BIT SET
8781934132,13 PC. HIGH SPEED DRILL BIT CARDED
83771797614,13 PCS DRILL BIT SET  79761
8781538118,13 professional tile cutter
31293492456,13 WATTS
45923760259,"13"" PB Clear Swirl Flush Dome"
45923762680,"13"" Round Grape Flush Fixture"
45923762697,"13"" Round Sunburst Flush Fixture"
71649375101,1-3/16 BRS Padlock
8781551209,13/16 COMBINATION WRENCH
26634108325,"1-3/16"" NI Anniv Knob"
77578050263,"1-3/4""Oak INT Threshold"
77578050751,"1-3/4""SLV FLT Threshold"
82472340228,"1-3/8""LEN HLSAW"
75691019259,13/NEEDLE KIT
43318130021,13002 SIMPLE GREEN 16OZ
32664308703,1303W 3WAY SWITCH WHITE
46135131035,13103 200W A21 SOFTWHT BULB
45325131282,13128 VA HEX SHANK DR BIT 1/8
70042132915,13291 STD CURTAIN ROD
23906143367,133
23906141561,133-01
75877961181,138 PC. SURFACE PROTEC ASSORT
46135139222,13922 150W PAR38FL 130V
46135139345,13922 150W PAR38FL 130V
51643855120,13FT RACHET STRAP
73963130138,13GAL 80CT TRASH BAGS
76914941449,13GALS TRASH BAGS
51643060142,13IN STRETCH CORD
47719036081,13OZ Aero Stain Primer
70048713224,13OZ Magic Grout Clean
76174517132,13OZ WOOD CLAW HAMMER
93554104997,13PC DRILL BITS
46135202841,13W
43168975940,13W 4 PIN
46135208911,13W CF BULB
45923073649,13W MINI SPIRAL SOFT WHITE
46135204845,13w/  silvania  bulbs
46135204913,13w/  silvania  bulbs
46135211348,13WATT DULUX
76812009395,14 BOLT CUTTER
8781504038,14 BOLT CUTTER
74972970845,14 cble ties
76812014481,14 INCH PLANE
24721001832,"14 TPI 6"" BLADE"
45923779909,"14"" - 2-Light U-Bend w/White Glass"
45923722097,"14""  Deluxe Pol Chr Picture Light"
74972922141,"14"" 12PT WOOD HANDLE BACK"
76174155099,"14"" BACK SAW"
74972925319,"14"" BOLT CUTTER"
45923722134,"14"" Brass Finish Slimline Picture L"
45923762765,"14"" Diamond U Bend Fixture"
45923325472,"14"" FLUSH MOUNT FIXTURE"
75877157324,"14"" hand saw"
71497144225,"14"" JUMBO KOTTER FRAME"
74972987041,"14"" PIPE WRENCH"
74972077049,"14"" PIPE WRENCH DUREX"
45923722028,"14"" Std PB Picture Light"
43374491944,"14"" TILE CUTTER"
75877460011,"14""PATIO BROOM"
31949314200,"14""X 20""X 1"" EZ FLOW AIR FILTER"
31949314248,"14""X 24""X 1"" EZ FLOW AIR FILTER"
31949314255,"14""X 25""X 1"" EZ FLOW AIR FILTER"
38753340562,"14""X14""PLAST ACCESS PANEL"
39725024374,14.4 SKIL CORDLESS DRILL
74972070842,"14«"" NYLON TIES 100PK"
70042143362,14336 NEWLL CAFE ROD BRKT
38613227262,1435HK HOOK KIT-1435 RACK
51643055148,14FT RATCHET TIE DOWN
78143204456,14ML CLR 5 Min Epoxy
89269051404,14OZ Liqui Cream Wax
79700113105,14OZ ULTRA GREASE
73149122100,14QT
71691224235,14QT BISQUE BUCKET
14567136256,14W LED 3000K
741337000000,14x14 Plas Access Door
37947193717,14X20X1
37947193755,14X25X1 FILTER
29612242059,15 FEET SWITCH EXT WHITE
29612242158,15 FEET SWITCH EXT WHITE
7587701458,15 FLAT BUNGEE STRAP
91324333028,15' HDMI CABLE
29612137157,15' OUTDOOR EXT CORD
99385037008,15 Pc Phileps Bit
99385037503,15 Pc Phileps Bit
24721063625,15 pcs cobalt bits sets 316015
54732100910,15 shop cord
93122630125,15' SPIN THRU
53188233159,15 Trash bags
45923073052,15 W GLOBE LIGHT
74972922158,"15"" 9PT WOOD HNDL TOOL SA"
45923761898,"15"" PB / Ice Rib Flush Dome"
32664325502,15/120 2W ARMRD CAP
32664326103,15/120 3W ARMRD CONN
33923926614,"15/32""SM SCREW EYE 2C"
82472340266,"1-5/8""LEN HLSAW"
77578013817,1-5/8x36 ALU DR Bottom
43374023787,"15`X2""PIPE WRAP"
71555001651,150 FT SISAL
76812129505,150 PC TOOL SET
117607000000,150 SAND PAPER
46677270032,150 W
45923034749,150 W BULB
43168904247,150 W BULB
43168901116,150 W BULBS
76607041715,150 WALLSANDE
43168803151,150 wts par 38 side prong
37155150281,15028B BARRELL & INSERT 1Z-6C
76174150599,15-059 STANLEY COPING SAW BLD
45923034893,150Q/CL/DC  Halogen-CD/1 DC Bay.
46135131257,150W A21 CLEAR BULB
46135131011,150W A21 SOFTWHT BULB
45923034787,150W Dble Envelope Halogen-CD/1 Med
45923028526,150W R30  Reflector Plant Lite   Me
39003093382,150X200 SLIDEGLIDE
76174152067,15-206 STANLEY WBRD SAW
71649243042,1534D MASTER LOCK COMBINATION
46135154768,15476 200WATT A21 CLEAR BULB
27426155558,15555 GLOSS POLYCRYLIC GAL
76174155792,"15-579 15"" 9PT AGGRESSIVE SAW"
76174157260,15-726 STANLEY 8 TPI HANDSAW
74985001369,157860 20OZ.FILL/SEAL FOAM
92333794947,"159106 99 SERIES 4""TURBO BLADE"
92333794961,"159106 99 SERIES 4""TURBO BLADE"
32664190803,15A DUPLEX RECEPT BRWN
32664190902,15A DUPLEX RECEPT IVRY
785008000000,15A IVY GRND 4WY Switch
40892281132,15A SP ArcFault Breaker
45923072918,15A19 CFL BULBS
32664627835,15A-250V SINGLE RECEPTACLE
71649011122,15DPF MASTER LOCK
29612000864,15FT A/C EXT
4078690000000,15FT BLACK EXT
29612137164,15FT BLACK EXT CORD
39612101478,15FT EXT BLACK
93122632174,15FT. CLOG CHASER.
70982000800,15FTSIK CLEANER
71691223795,15QT BISQUE BUCKET
45923047183,15T7C
45923047220,15T7N
45923039492,15W    A15  Med.
45923039485,15W 2 BULBS
45923071966,15W BULB
45923038242,15W G16«   Cand.
43168217101,15W R30 WHT FLD Light
43168217187,15W R30 WHT FLD Light
45923037153,15W T6 Picture Light Bulb CD/2 Cand
31949151218,15x25x1 FBG Furn Filter
39800108043,16 AA BATTERIES
37000906186,16 dry sheet MR.Clean
41714037593,16 DURABLE FELT PADS
75877161604,16 INCH OSCILLATING FAN CZ ST161
75877161611,16 INCH OSCILLATING FAN CZ ST161
45686001491,16 INCH OSCILLATING FAN CZ ST161
75877031204,16 INCH OSCILLATING FAN CZ ST161
75877031600,16 INCH OSCILLATING FAN CZ ST161
14045031165,16 OZ CAMPING GAS
370210344,16 oz hammer
370210603,16 Oz Hammer
93554012308,16 OZ HAMMER
76812027306,16 OZ HAMMER
75877795557,16 OZ HAMMER YELLOW
74972967166,16 OZ HAMMER YELLOW
79921936163,16 oz mop head
74972966176,16 OZ NEON RIP FBR HAMME
8781956448,16 OZ. BLACK RUBBER MALLET WOOD HAND
8781956110,16 OZ. FIBERGLASS HANDLE CLAW HAMMER
8781956318,16 OZ. FIBERGLASS HANDLE CLAW HAMMER
8781956226,16 OZ. WOOD HANDLE RIP HAMMER
76812054418,16 OZ. WOOD RIP HAMMER
73149121998,16 QTS RED PAIL
35904016208,16 X 20 BLUE POLY TARP
46013210012,"16"" 3SPD Wind Fan"
75877116369,"16"" OSSC. FAN"
75877116512,"16"" OSSC. FAN"
75877116000,"16"" OSSC. FAN"
71555200160,"16"" SQUEGGE"
25881085021,"16"" STREET BROOM"
35965032988,"16"" TROWEL   13298"
46013259301,"16"" Wall MNT Osc Fan"
31949316204,"16""X 20""X 1"" EZ FLOW AIR FILTER"
31949316259,"16""X 25""X 1"" EZ FLOW AIR FILTER"
43197114693,"16""X20''OCT Swin Med Cabinet"
8781521127,16.OZ RIP HAMMER
8781521318,16.OZ RIP HAMMER
76812400079,16/ STRAIGHT CLAW HAMMER
29892035181,16/3 12FT CORD
29892035174,16/3 6FT CORD
74972900163,16` CHROME TAPE MEASURE
74972900187,"16`X«"" NEON ORANGE TAPE"
74972901153,"16`X3/4"" RUBBER MONSTER"
74972901504,"16`X3/4"" RUBBER MONSTER"
53188101601,"160 5* 3-3/4"" BP SASH LIFT"
32076050092,16-14 BUTT SPLICE
32076050146,16-14 DISCONN MALE
39800040961,1632 BATTERY
76812901163,"16ft cmbo  ,metric tape"
74972005608,16OZ BLACK MALLET WD HANDLE
70652002929,16OZ BOWL
76174479744,16OZ BRASS PLUMB BOB
76174516166,16OZ Claw WD Hammer
74972966046,16OZ FBRGLS CLAW HAMMR
74972966039,16OZ HAMMER
370210160,16OZ HAMMER
76174515121,16OZ HAMMER
76812120328,16OZ HAMMER
51700390168,16OZ Lime A Way Cleaner
70798001183,16OZ MP Spray Adhesive
10572010215,16OZ OOPS
62338001784,16OZ Oven Cleaner
6076170000000,16OZ STANLEY HEAVY DUTY HAMER
44600011264,16OZ Tilex Scum Remover
26000108492,16OZ WOOD FILLER
51596001162,16QT WASTEBASKET
37947195001,16X20X1 FILTER
31949150266,16X25
37947196008,16X25 FILTER
31949489250,"17 1/2 X 17 1/2"" AC FILTER"
74972070859,"17"" NYLON TIES 100 PK WHT"
11130172451,17.6OZ Flatware SLV Dip
82472340303,"1-7/8""LEN HLSAW"
39003090763,"1-7/8""RND CLR PLASTIC CUP"
39003090800,"1-7/8""RND CLR PLASTIC CUP"
39003090831,"1-7/8""RND CLR PLASTIC CUP"
39003090886,"1-7/8""RND CLR PLASTIC CUP"
39003090909,"1-7/8""RND CLR PLASTIC CUP"
39003090916,"1-7/8""RND CLR PLASTIC CUP"
39003090985,"1-7/8""RND CLR PLASTIC CUP"
77578012438,17` Sub Zero WTHR Strip
43374021134,"17`X«""MP FOAM TAPE"
43374020717,"17`X1/4""MP FOAM TAPE"
43374020557,"17`X3/16""MP FOAM TAPE"
43374020977,"17`X3/8""MP FOAM TAPE"
43374033359,"17`X5/8""M/P FELT"
32664352409,1747V-BOX IV TRI TAP
26978021816,"18 "" FLOWER BOX GREEN"
75877163400,18 AWG 100` CLEAR SPEAKER WIRE
76812014405,18'' BOLT CUTTER
74972925326,18'' BOLT CUTTERS
18239336531,18 GAGE NAIL
51596032180,18 qt pail
74972946185,18 RATCHETING BAR CLAMP
24721001795,"18 TPI 6"" BLADE"
24271086723,"18 TPI 8"" BLADE"
39725024855,18 V CORDLESS DRILL
49206164284,"18"" ALUM PUSHER"
49206164420,"18"" ALUM SHOVEL"
79617801027,"18"" ALUM SNOW PUSHER"
79617801171,"18"" ALUM SNOW PUSHER"
41301112726,"18"" HARD POLY PUSHBROO"
74972987058,"18"" PIPE WRENCH"
49206157521,"18"" POLY PUSHER"
49206157378,"18"" POLY SNOW SHOVEL"
20027015665,"18"" STEEL FLOOR SQ 1800"
72697221808,"18"" WHT Towel Bar"
71736001906,"18"" WINDOW SQUEEZE"
74972075670,"18"" WRECKING BAR"
25881119184,"18""DRIVE SEALER BR W/H"
25881099813,18/ push   broom
76812014382,18/PIPE WRENCH
8781011802,180 DEGREE DOOR VIEWER SOLID BRASS C
70798181014,18152 LATEXW/SIL WHIT
23316100363,185' NYLON YELOW TWINE
34411112045,18-58025 5/8X25 RUBBER HOSE
34411112052,18-58025 5/8X25 RUBBER HOSE
34411112250,18-58025 5/8X25 RUBBER HOSE
34411112267,18-58025 5/8X25 RUBBER HOSE
46135189654,18965 75W A19 HALOGEN
73149109484,18in STEP-ON CAN 6.6 GAL WHITE
51643060197,18IN STRETCH CORD
74972973358,18PC SAE LONG SHORT HEX K
74972973181,18PC SAE LONG SHORT HEX K
39725034328,18V CORDLESS DRILL
39725035790,18V SKIL DRIL
46135206689,18W CF BULB
46135206764,18W COMPACT FLUORESCENT 827
46135207228,18WTS. COMPACT FLUOR. 20724   830
46135207242,18WTS. COMPACT FLUOR. 20724   830
74507622010,18X24 ACRYLIC GLAZING
43374033922,"18X27X16""A/C EXT COVER"
23316182918,18X30 WELCOME COCOA MAT-GREEN
76812280121,19 PCS N3/8 DRIVE RATCHET 28012
73502509500,190 belt
14567130384,1900 BOX
14567130551,1900 DEEP BOX
49206190894,"1908930 8.5""ANVIL S/GRIP PRUNER"
49206190917,"1909130 8.5""BYPASS PRUNER"
32664312106,1912W-BOX WHT GRIP CAP 2WIRE
46135193859,19385 30/100WTT SOFTWHITE 3WAY
46135194047,19404 50/250WTT SOFTWHITE 3WAY
36241046507,19OZ Lysol Disinf Spray
71649305757,1DLJ MASTER LOCK 2« SHAKLE
32664155802,1G IV DECOR PLATE
49223528618,1IN BLUE  TACK
77089150018,1IN BRISTLE BRUSH
53188630002,1LB BAG WASHED NEW WHT RAGS
99385003249,1LB FINE THREAD
45923776069,1-Light Socket Light
29054014436,1O YEAR SMOKE DETECTOR
88289111266,1OZ SHEFFIELD PORC WHT TOUCH UP
88289114380,1OZ SHEFIELD PORC ALM TOUCH UP
11403420159,1-PLY POLYTWINE 8500`#850
27426655553,1Q MINWAX CLEAR GLOSS
27426644441,1Q MINWAX CLEAR SEMI
75877092953,1''SPEED BORNG
19199037353,1X10 FH PHIL SMS S/D
74972972238,1X10 SCREW DRIVER
92503270110,1X1-1/4 VNYL TUBING
43374608892,1X1X48 ALUMIN. ANGLE
8781952129,"1x3"" PHILLIPS MAGNETIC TIPPED SCR"
77578029245,1x36 GLD Carp Bar
51131533301,1x40 SLV GRY Refle Tape
19199037278,1X6 FH PHIL SMS S/D
77922761920,1X60 STRAP TAPE
77578029238,1x72 SLV Carpet Bar
19199037308,1X8 FH PHIL SMS S/D
45923703713,"2 - 4"" White Plastic Edison Candle"
45923703720,"2 - 4"" White/Gold Drip Candelabra C"
76812000439,2 1/2 CLAMP
76670019840,2 1/2 INCH
75877892508,"2 1/2"" brush"
731271000000,"2 1/2"" UTILITY PULLEY"
42049335590,2 3/4 ENTRY LATCH
45325300305,"2 3/4"" 10TPI SCROLL CUT S"
45325300268,"2 3/4"" 21TPI METAL CUT SA"
38613113305,2 CORNER BRACES
6437830000000,2 CUP MEAS CUP
41714037128,2 DECORATOR HOOKS
72477984107,2 DISPOSABLE RAT TRAP
72697211007,2 DUBBLE HOOKS
71555260256,2' DUCT TAP BLACK
15812430242,2 FT LEVEL
32664315503,2 G BLANK PLATE WHITE
31462519267,2 gallon wateringcan
98262202560,2 GALS  BUCKET N
6857560000000,2 HOLE SAW
75877023711,2 IN 1 FAN
29054015006,2 in one alarm
76670019635,2 INCH
34238002611,2 INCH BLACK DESK GROMMET
34238002628,2 INCH BLACK DESK GROMMET
34238002017,2 INCH BLACK DESK GROMMET
34238002024,2 INCH BLACK DESK GROMMET
16846147106,2 INCH N/H
10804600000000,2'' IPS/ SLIP FLANGE
39612100440,2 LINE MODULAR JACK
76670000145,2'' PAINT BRUSH
93554012957,2 PC LEVEL SET
76812589521,2 PC. ISULATED SCREWDRIVER SET
8781952921,2 pc. OFFSET SCREWDRIVER
75877164223,"2 PK 42"" BUNGY CORDS"
77089720037,2'' PLASTIC KNIFFE
18578000261,2 RUBBER 90
77089214031,2'' SELECT BRUSH
22333224502,2 Slice WHT Toaster
74972946963,2 SPRING CLAMP
77089016444,2 to 4 twist lock handle
78143353451,2 TON EPXY 35345
29612034043,2 WIRE PLUG ADAPTOR.  MDR.
76812587428,2 X 1/4
82647058422,"2"" ADJ.SHOWER HEAD"
8781190200,"2"" BARREL BOLT BP CARDED"
77089162233,"2"" BLACK CHINA VARN"
77089161038,"2"" BLACK CHINA VARN"
75877477989,"2"" BLUE TAPE"
72439011520,"2"" BRUSH"
8781932008,"2"" CARBIDE GRIT HOLESAW KIT WITH MAN"
76812010827,"2"" clamp"
94922071682,"2"" CLEAR PACKING  TAPE"
43593580511,"2"" DRIVE PIN (100)"
42224000824,"2"" EDGER/TRIMMER"
42224000831,"2"" EDGR/TRMR RFL(2)"
82826000068,"2"" foam brush"
64849340116,"2"" FOAM INSULATION"
77578023700,"2"" GRAY DUCT TAPE"
75877246202,"2"" hasp"
82472340327,"2"" LENOX HLSAW"
8781862527,"2"" LIGHT T-HINGES 1 PAIR PER CARD W/"
75877720467,"2"" MAGNETIC BIT EXTENTION"
75877666109,"2"" PIN HINGE"
75877666208,"2"" PIN HINGE"
75877666666,"2"" PIN HINGE"
75877532015,"2"" PUTTY KNIFE"
37064090067,"2"" PUTTY KNIFE"
8781345204,"2"" SAFTAY"
8781033002,"2"" SOLID BRASS RESETTABLE COMBINATIO"
75352600505,"2""DRIVER PIN"
79423022500,"2""FLEXIBLE PUTTY KNIFE"
33923940078,"2""FLT CRNR BRCE GALST2H"
39003090596,"2""PLATE CASTER-CARDED 2-PK"
39003090411,"2""PLATE CASTER-CARDED 2-PK"
39003090404,"2""STEM CASTER-CD 2-PK"
83771871093,"2""WIRE CUP BRUSH COARSE"
83771871109,"2""WIRE CUP BRUSH FINE"
21854001180,"2""x60 YDS BLUE TAPE"
742367000000,"2""x60YD SLV Duct Tape"
75638000142,2
75638000357,2
75638000531,2
75638000548,2
44319502213,2.4 GHZ CORDLESS GE PHONE
44319502220,2.4 GHZ CORDLESS GE PHONE
32094121200,2.5 CAMP AXE
79223023004,2.5 PLASTIC GAS CAN
44600002293,2.5 QT LIQUID PLUMR
33923013352,2.5 US2C ROPE CLEAT
77089161045,"2.5"" BLACK CHINA VARN"
77089162240,"2.5"" BLACK CHINA VARN"
43593580528,"2.5"" DRV PIN (100)"
37841730001,2.5OZ Air Freshener DSP
70798006843,2.8OZ CLR Sili Sealant
76812682062,2/ FOLDING HEX KEYS
76812005588,2/32 NAIL SET
74972911718,2/32 NAIL SET
76812001108,2/4 SCREW DRIVER
29274005597,2` BRS Shelf Standard
21854005003,2`` SEALING TAPE.
74972923209,20''  SAW
75877225528,20 CT CONTRACTOR BAGS
41714037579,20 DURABLE FELT PADS
78541308763,20 KEY TAGS
76174515398,20 OZ HEAVY DUTY HAMMER
8781956134,20 OZ. FIBERGLASS HANDLE RIP HAMMER
73149105684,20 QT 19 L BUCKET
21709001600,20 SECOND
6724780000000,20 WATT LFT LIGHT
29274248697,20 X36 LAMINATE FOLDING TABLE
74972922202,"20"" 8PT WOOD HANDLE SAE"
46013306081,"20"" BOX FAN"
46013311900,"20"" BOX FAN"
75877123879,"20"" BOX FAN"
54006302798,"20"" MINI BLIND"
8781941208,"20"" TILE CUTTER MACHINE"
29274122454,"20"" ULTIMATE BRCKT"
31949320201,"20""X 20""X 1"" EZ FLOW AIR FILTER"
31949320256,"20""X 25""X 1"" EZ FLOW AIR FILTER"
70648810200,20# BAG POLAR EXPRESS
70648300206,20# BAG QIK ICE MELT
14045101820,20#LP TANK
14045323994,20#LP TANK
14045324779,20#LP TANK
32664325205,20/125 ARMRD CAP
74972967074,20/oz Hammer
41737208017,2000 flush
49057200193,2001BP KORKY PLUS TANK BALL
45923039829,200A23/F  200W Med.
45923039577,200W A23
45923039584,200W BULB
43374042009,"200X64""WINDOW INSUL KI"
32076050269,20-102 22-16 AWG RG TERM #10
32076049980,20-103 16-14 AWG RG TERM #6
32076050023,"20-107 12-10 AWG RG TERM 1/4"""
32076050139,20-143F 16-14 DISCONN FEMALE
32076050160,20-145M 12-10 DISCONN MALE
46135201486,20148 FC8T9 CW CIRCLIN FLU
71798002026,202 SCRUBBER
71798002408,202 SCRUBBER
71798002538,202 SCRUBBER
6927800000000,2032 BATTERY
46135206825,20619 F6T5 COOL WHITE FLUORES
46135206832,20619 F6T5 COOL WHITE FLUORES
46135206733,20619 F6T5 COOL WHITE FLUORES
46135206917,20619 F6T5 COOL WHITE FLUORES
76706207012,207W-1G WATER BASE BED BUG SPRAY
32664330308,20A ARMORED METAL PLG
14567125137,20A GFI OUTLET
78477462966,20A OUTDOOR GFI
32664311703,20A SINGLE RECEPTACLE
94925007336,20AMP TYPE TB 2POLE DOUBLE BREAKER
35904190205,20CT32x50BLK Refuse Bag
90444054660,20IN SHELFLINER-STITCH ROSE
43372251106,20LB  MONOFILAMENT
39003094778,20LB CALCIUM CHLORITE
70648700204,20LB LAKESHORE CHARCOAL
71046830203,20OZ MOP HEAD
74985003028,20OZBigGap Foam Sealant
74972001204,20PC ARTIST BRUSH
49223505152,20pcs white  cup hooks
51138464578,20PK N95 Particu Filter
71691152460,20QT Bisque Wastebasket
71691280552,20QT WHT Wastebasket
77922855995,20SC-GR ANC 2X10YD GREEN DUCT T
17801008043,20W CLR HALOGEN BI-PIN
17801008678,20W CLR HALOGEN BI-PIN
45923035104,20W GU10
45923034657,20W MR11 Halogen NFL FTD-CD/1 2 Pin
45923034640,20W MR11 Halogen SP   FTC-CD/1 2 Pi
11738408150,20X20 BLUE TARP
35904002201,20X20 BLUE TARP
31949150273,20x20x1 FBG Furn Filter
31949150280,20x25x1 FBG Furn Filter
43374876192,"20X28X30""A/C EXT COVER"
31949151812,20X30 AIR FILTER
23316008584,20X32 FLOOR MAT
23316520406,"20X40 NORMAN ""RIP STOP"" TARP"
77089150049,2« BRISTLE BRUSH
75877226259,2« CORNER BRACES
74972944228,2« STAND C CLAMP ZINC
8781190255,"2«"" BARREL BOLT CARDED"
8781862251,"2«"" NON-MORTISE DOOR HINGE CARDED"
39003094785,"2«"" Rubb Swiv Caster"
8781346256,"2«"" SAFETY HASP ZP CARDED"
39003094549,"2«""S/GLIDE PAD W/SCREW"
75877183743,21 LED FLASHLIGHT
76670019642,21/2 BRUSH
75877895257,21/2 hinges
75877900258,"21/2"" BARREL BOLT"
41333004068,21/23 BATTERY
10517271817,"2-1/4"" DRYWL SCREWS"
82472340365,"2-1/4""LEX HLSAW"
77578039022,2-1/8x36 ALU DR Bottom
39899002116,211 LINT TRAP KIT
76174212990,21-299 STANLEY SURF BLD
32664155604,2134W 1G TOGGLE PLATE
32664315404,2137V-BOX BLANK 2G PLATE IVORY
76174213980,21-398 STANLEY SURF BLD
23906945497,215
23906057510,215
23906057541,215
23906057619,215
23906057640,215
23906057718,215
23906057749,215
23906125417,215
23906125448,215
23906559717,215 1B
23906559816,215 1B
23906559847,215 1B
23906559915,215 1B
23906559946,215 1B
23906590819,215-04
23906590840,215-04
23906590918,215-04
23906590949,215-04
32664318504,2153W-BOX WH 2G TOG DEC PLATE
23906943394,21574 gallon
32664320002,2163W-BOX WH 3G DECOR PLATE
45325216620,21662 VA TAP & DRL COMBO 8-32
45325216637,21663 VA TAP & DIE COMBO 10-24
45325216668,21666 VA TAP & DIE COMBO 1/4C
35000053619,21OZ AJAX CLEANSER
35110142784,21OZ Ajax Inst Cleanser
26613112398,"22"" SS Gas Connector"
26613112404,"22"" SS Gas Connector"
26613112671,"22"" SS Gas Connector"
31949322229,"22""X 22""X 1"" EZ FLOW AIR FILTER"
29892035389,220 AC EXTENTION CORD 9'
76607041739,220 WALLSANDE
38664621361,220V OUTLET
78477202609,220V PLATE
23906943721,221 MATTE
23906745417,221 MATTE
23906950606,221-06
32076050047,22-16 AWG SPD TERM #6
32076050085,22-16 BUTT SPLICE
74660012222,222 TURTLE WAX HRDSHL 14OZ
27426224506,22450 GOLDEN PECAN WOOD FINISH
20134000226,22BL FRANKLIN BALL BRG PULLEY
54006253649,22inch cordless blind
5246510000000,22inch cordless blind
70755222996,22OZ WD FLR Care
43168980388,22W  CIRC.BULB
43168980401,22W  CIRC.BULB
43168980586,22W  CIRC.BULB
37949322153,22W Circline Fixture
27308612216,22WBULB
23316223611,22X36 CUSHION STEP RUBBER MAT
23316500613,22X36 NATURAL COCOA GRASS MAT
23316122365,22X36 RUBBER SCRAPER MAT-BLACK
54006302446,23 MINI BLINDS
8781033255,"2-3/4"" SOLID BRASS UTILITY PADLOCK K"
82472340389,"2-3/8""LEN HLSAW"
23906146740,235-01
23906146849,235-01
45923062285,23W BULB
45923072031,23W CFL PAR38 5000K BULB
45923082061,23W MINI SPIRAL CFL BULB
75877791207,24' 3 IN 1 LEVEL
28452101083,24' 3 IN 1 LEVEL
74972925333,24 BOLT CUTTER
71555246007,24 INCH SCREN
49448530113,24'' LEVEL
41294973267,24 OZ PINE SOL
62338780573,24 OZ. EASY OFF BAM.
76812017079,24 PICK UP TOOL
24721151308,24 T CIRCULAR SAW BL
75877162427,"24"" 2 PACK BUNGY CORDS"
20027015634,"24"" CURVED ST FL SQ C2400"
76812080448,"24"" LEVEL"
28452101120,"24"" LEVEL"
701241000000,"24"" N-CB1B MAPHEAD"
76812009401,"24"" PLUMBING WRENCH"
76174920673,"24"" STANLEY TOOL BOX"
20027015702,"24"" STEEL FLOOR SQ 2400"
74972075687,"24"" WRECKING BAR"
49448130023,"24""ALUMINUM LEVEL"
39166092727,"24""TERMOCOUPLER"
31949324247,"24""X 24""X 1"" EZ FLOW AIR FILTER"
75877116246,24/ FLOOR SQUEEGEE
54006300329,24` SHADE
54006300480,24` SHADE
54006300633,24` SHADE
24721240309,24030 MARATHON CIR BLD 7-1/4
25526024606,"2460 24""42-60""ADJ.WINDOW SCREEN"
51643062245,24IN RUBBER STRAP
51643060258,24IN STRETCH CORD
74972965247,24oz hammer
19200025225,24OZ Toil Bowl Cleaner
24721001818,"24TPI 6"" BLADE"
74507622218,24X28 ACRYLIC GLAZING
31949151829,24x30x1 FBG Furn Filter
23316006276,24X36 NATURAL FIBER-FLORAL BORDER
23316006603,24X36 NATURAL FIBER-FLORAL BORDER
23316006610,24X36 NATURAL FIBER-FLORAL BORDER
23316006979,24X36 NATURAL FIBER-FLORAL BORDER
23316006474,24X36 NATURAL JUTE MAT-BEIGE/BLACK
23316006436,24X36 NATURAL JUTE MAT-BEIGE/BROWN
23316006429,24X36 NATURAL JUTE MAT-SEA/GREEN
40395201453,24x36 Plain ALU Sheet
754632000000,25' DROP LIGHT
29612365253,25 FT DROP LIGHT
75877042507,25 FT MEASURING TAPE
75877794253,25 FT MEASURING TAPE
76812051233,25 FT MEASURING TAPE
75877158000,25 FT TROUBLE LIGHT
687077000000,25' HDMI CABLE
61105101108,25 LBS SALT
44882664233,25' MED DUTY HOSE
54732100064,25' OUTDOOR CORD
35202162959,25 p  calcium
41343000364,25 p calcium  peladow
74978913259,25 PC LONG & SHORT HEX KEY
46224845171,25' PIPE CLEANING
727660000000,25 TAPE
45923039409,25 W BULB
45923033742,25 W F10
46135141454,25 W SYLVANIA DOUBLE LIFE
45923033803,25 WATTS FLAIR BULB
45923033827,25 WATTS FLAIR BULB
45923033902,25 WATTS FLAIR BULB
45923033926,25 WATTS FLAIR BULB
45923033636,25 WATTS FLAIR BULB
45923033643,25 WATTS FLAIR BULB
45923033674,25 WATTS FLAIR BULB
45923033681,25 WATTS FLAIR BULB
32886263071,25` 12/2 W/G NMB Cable
39612101362,25` SINGLE JACK PHONE CORD 
76174335255,25`POWERLOCK TAPE DISP
93122120169,"25`X3/8"" GENERAL PIPE CLEANER"
33923004787,25-0560 SHELF BRKT 10X12
45923034930,250Q/CL  E14  Halogen-CD/1 Euro.
45923034879,250Q/CL Halogen-CD/1 Mini-Can
45923034909,250Q/CL/DC  Halogen-CD/1 DC Bay.
29612600255,25ft   cord  reel
29612367257,25ft  drop light
44882664851,25FT  HOSE COMERSIAL
44882425407,25FT EXT CORD
76174337259,25FT TAPE
44882660280,25FT TROBLE LIGHT
74972901252,25FT. MONSTER TAPE
76812901255,"25ft/  comb, metric power tape"
10186213804,25LB SnowWHT Sand Grout
81099004742,25LB USG PLASTER OF PARIS
78143208454,25ML CLR 5 MIN Epoxy
78143208737,25ML CLR 5 MIN Epoxy
74972973259,25PC. COMBINATION ALEN KEY SET
45923047046,25R14         CD/1 Med.
45923047008,25R14N      CD/1 Int.
45923047206,25T8N
45923030000,"25W     G40  5"" Globe Med."
45923039508,25W    A19 Med.
45923060816,25W  A19  Trans Green Med.
46135106446,25W BULB
45923036828,25W BULB
45923047114,25W BULBS
45923027741,25W F-10 CD/2 Cand.
45923038631,25W G12   Cand.
45923038464,25W G12   Cand.
45923032448,"25W G16«  2"" Cand."
45923038600,25W G25  Med.
45923045387,25W GLOBE CLEAR G16 1/2
45923037443,25W Prismatic  CD/2 Cand.
45923036019,25W R-14 REFLECTOR SPOT BULB
45923032059,25W REF BULB
45923037009,25W T10   CD/1 Med.
45923037016,25W T10   CD/1 Med.
45923037450,25W T10   CD/1 Med.
45923037146,25W T10   CD/1 Med.
45923032509,25W T10  Med.
45923037139,25W T6«  CD/1 Dbl. Cntct
45923037115,25W T6«  CD/1 Dbl. Cntct
45923037085,25W T6«  CD/1 Int.
45923037092,25W T6«  CD/1 Int.
46135105623,25WATT SOFT WHITE BULB
23316002209,25X37 DUTCH BERBER MAT-PEPPER
90444099357,25YD CONTACT - SOLID BLACK
90444099555,25YD CONTACT - SOLID WHITE
90444099951,25YDX18IN CLEAR
54006300398,26 IN MINI BLIND
30527500011,2602 22W CIRCLINE BULBW/ADAPT
23400000210,26OZ Soft Scrub Cleaner
31293492579,26W BULB
39694002014,26X20X6 AP BLACK POLY TUB
54006473337,27 inch cordless blind
76812328236,27 LED FLASHLITE
75877046192,27 LED UTILITY LIGHT
39678964642,"27""4Leg STL Tree Stand"
74972901702,270'line reel
23400973064,27G Combat Ant Kill Gel
93713077858,27x100Sable Carp Runner
75877191236,28 PCS SET
43374082944,"28""X20""A/C QUILTED COV"
23906571719,282
23906571818,282
23906162818,283 PAINT
23906572013,283-1B
23906572112,283-1B
23906572211,283-3B
23906572310,283-4B
13700257353,28CT 30GAL CLR RecycBag
13700257551,28CT 30GAL CLR RecycBag
33200008552,28OZ Lemon Ammonia
44600339108,28-OZ LESTOIL H/D CLEANER
37000415411,28OZ MrClean AP Cleaner
41294401746,28OZ Pine Sol Cleaner
74972939064,28PC FILE ASSORTMENT
74972939712,28PC FILE ASSORTMENT
74972939798,28PC FILE ASSORTMENT
74507623260,28X28 ACRYLIC GLAZING
30151422819,28x80x1 3/8 DOOR
80596002909,290 DREMEL ENGRAVER
38753290249,29024 « LB STA FLO SOLDER
71691295358,2953 WASTE BASKET WHITE
17561515133,2955 3/10HP SIMER SUMP PUMP
45923024054,29W HALOGEN BULBS
38739060538,2AA RED MAGLITE/HOLSTER
39800057488,2-D FLASHLIGHTS
74196002636,2D SS Flashlight
38739011851,2-D-CELL MAGLITE S2D016
32664318108,2G IVORY DEC PLATE
86698821097,2G IVY MTL Switch Box
78304630650,2GAL HGRN WTR Can
76706791757,2gl. empty bucket
80497260613,2IN1 STUBBY SCREWDRIVER
80497260620,2IN1 STUBBY SCREWDRIVER
23906141547,2IN1 STUBBY SCREWDRIVER
23906141868,2IN1 STUBBY SCREWDRIVER
23906141943,2IN1 STUBBY SCREWDRIVER
23906141769,2IN1 STUBBY SCREWDRIVER
45923776076,2-Light Socket Swivel
54983027776,2OZ  PC7  EPOXY(1.5OZ)
20066124403,2OZ 209630 R/O APPLE RED
20066124434,2OZ 209633 R/O BULD METALLIC
20066124441,2OZ 209634 R/O GLOSS WHITE
20066124465,2OZ 209636 R/O SILVER METALLIC
20066124502,2OZ 209640 R/O TRANQUIL BLUE
20066124519,2OZ 209641 R/O GLOSS BLACK
20066124540,2OZ 209644 R/O CANYON BLACK
71915012013,2OZ B1  ODDSNENDS GLOSS BLACK
71915012112,2OZ B11 ODDSNENDS SUNSHN YELL
71915012136,2OZ B13 ODDSNENDS INSIGNA RED
71915012143,2OZ B14 ODDSNENDS HOT PINK
71915012174,2OZ B17 ODDSNENDS NUT BROWN
71915012020,2OZ B2  ODDSNENDS FLAT BLACK
71915012228,2OZ B22 ODDSNENDS LAVENDER
71915012235,2OZ B23 ODDSNENDS HARBR BLUE
71915012259,2OZ B25 ODDSNENDS RED METAL
71915012273,2OZ B27 ODDSNENDS ORANGE GLOW
71915012303,2OZ B30 ODDSNENDS ALUMINUM
71915012310,2OZ B31 ODDSNENDS GOLD LEAF
71915012327,2OZ B32 ODDSNENDS COPPER
71915012334,2OZ B33 ODDSNENDS BRASS
71915012341,2OZ B34 ODDSNENDS ANT GOLD
71915012044,2OZ B4  ODDSNENDS GLOSS WHITE
71915012099,2OZ B9  ODDSNENDS GARDEN GRN
78143506109,2OZ Leakstopper
54983025598,2OZ PC-PLUMBNG EPXY PUTTY
88289117145,2OZ SHEFFIELD PALE GOLD LEAF
77578030692,2PC QUILT INDOOR AC COVER
77578030548,2PC QUILT INDOOR AC COVER
8781952914,2PC SCREW DR.
74972001013,2PC. POCKET SCREWDRIVER SET
84298000065,2-PCKT CANVAS APRON
32076898052,2PK 3/4 Release Clamp
45325300329,"2PK 36T 2-3/4"" Saber Sa"
76706155009,2PK 5x10 Rat Glue Trap
26634040557,2PK Frameless Cab Hinge
71555110315,2pk glue trap
45923096990,2pk led dimmable 9.5w/60w
38739070339,2PK Mag Repl Lamp
38739107325,2PK Maglite AAA Bulb
29049036726,2PK MOUSE GLUE BOARD
72868000157,2PK MTL Petal Mousetrap
29049014021,2PK RAT GLUE DEAD EN
29049024600,2PK RAT&MSE GLUETRP DEADEN
72874064655,2plex grip
79921005043,2-PLY BATHROOM TISSUE 12PK
51131642843,2PR 1x3 SM CLR Fastener
72075500242,2QT 3 In 1 SS Food Mill
91688018128,2QT WHISTLING TEA KETTLE
91688018180,2QT WHISTLING TEA KETTLE
45923037597,2W-3W Flicker Bulb  CD/1 Cand.
45923037603,2W-3W Flicker Bulb  CD/1 Med.
32664326837,2WIRE BAKE CAP
19199035731,2X10 PH(+)SLF DRL SMS
51131594371,2X180 STEP/LADDER TREAD
51643029224,2x20 Veh Recover Strap
51643046221,2x27 J Ratch Tie Down
86364028232,2x3 floor mat
46135499432,2X32T8 BALAST
77578029016,2x36 GLD Carp Bar
77578029481,2x36 SLV ALU Carp Bar
77578050782,2x36 SLV DR Sweep
77578050577,2x36 SLV DR Sweep
49821862701,"2x3x15"" WHT Pipe Ext"
858197000000,2X4
77578051482,2x4 oor guard
77922841202,2X55YD ANC CLR BULK CRTN
77922713165,2X60 PT MSK TAPE
76607485052,3 '' X 21
16017280038,"3 , paring knife"
38613102279,"3 1/4"" safety hasp"
45325300183,"3 1/8"" 12TPI REV TOOTH SA"
45325300121,"3 5/8"" 6TPI WOODCUTTINGSA"
891846000000,3' brush
47089161352,3'' BRUSH
93788620126,3' CLOSET AUGER
84389241247,3' flexible tape knife
6026910000000,3 ft ext cord
75877861139,3 FT EXTENSION CORD
49694608689,3 himges
37064120603,3 IN 1 CAULK TOOL
79567100027,3 IN 1 OIL
79567100089,3 IN 1 OIL
79567100386,3 IN 1 OIL
79567100423,3 IN 1 OIL
79567100454,3 IN 1 OIL
75877799999,3 in roller
76670019659,3 INCH
75877715203,3 INCH RIGID DOOR STOP 71520
75877720207,3 INCH SPRING DOOR STOP 72020
75877502308,3'' KEYED HASP LOCK
29612363440,3 LED TAP LIGHT
29612363457,3 LED TAP LIGHT
29612363525,3 LED TAP LIGHT
45923764103,3- Light R30 White Step Cylinder
76812039347,3' MESURING TAPE
35904004052,3 MIL DROP CLOTH
26665023307,3 MIL DROPCLOTH
29612197090,3 OUTLET
45131454360,3 OUTLET ADAPT /SENSOR
71555103300,3 OUTLET CUBE
71555103355,3 OUTLET CUBE
71555103362,3 OUTLET CUBE
29612196154,"3 outlet ext ,indoor"
45923912276,3 Outlet Plug In Tap LED Night Ligh
71555103393,3 OUTLET WALL TAP
39953531538,3 PACK LED LIGHT
13315202908,3 pads
76812107121,3 PC FOLDING KNIFE
93554016504,3 PC VOLTAGE TESTER
97257353263,3 PC. STEP DRILL BIT SET
20209065754,3 PCS NAIL SETS  6575
76812589514,3 PIECE ELECTRIAN TOOL SET
758665000000,3 shower valve faucet
30721770210,3 SPEED FAN SWITCH
74972946994,3 SPRING CLAMP
74972944303,3 STAND  C CLAMP ZINC
424041000000,3 sw cover
39612105056,3 TO 3 RCA 6FT CABLE
24721065865,"3 TPI 8"" BLADE"
77089300024,3'' TRIMP ROLLER TRY SET
8781980177,3'' WASHERED DRIVE PINS
45923018237,3 WAY BULB
43168385404,3 WAY BULB
43168905015,3 way bulbs
43168905022,3 WAY BULBS
32664752414,3 WAY DECORA
78477211922,3 WAY ROTARY DIMMER
32664627712,3 WAY SWITCH DECORA
32664309106,3 WAY W/  SWICH
78477101100,3 WAY WALL SWITCH
78477101117,3 WAY WALL SWITCH
78477101155,3 WAY WALL SWITCH
29612034111,3 WIRE ADAPTER
29612034180,3 WIRE ADAPTER
29612034210,3 WIRE ADAPTER
29612034234,3 WIRE ADAPTER
29612034067,3 WIRE ADAPTER
29612034074,3 WIRE ADAPTER
35632106035,3 WIRE CIRCUIT ANALYZER
29612034098,3 WIRE CUBE ADA
8781952143,"3 X 6"" PHILLIPS MAGNETIC TIPPED SCR"
39961011756,"3"" ADJUSTABLE FLAPPER"
8781190309,"3"" BARREL BOLT BP CARDED"
77089161052,"3"" BLACK CHINA VARN"
77089162257,"3"" BLACK CHINA VARN"
77089216455,"3"" BRUSH"
8781868536,"3"" DOUBLE ACTION SPRING HINGE BRASS "
8781868543,"3"" DOUBLE ACTION SPRING HINGE BRASS "
8781980078,"3"" DRIVE PIN (100 PER BOX)"
43593580535,"3"" DRIVE PIN (100)"
8781672027,"3"" FLEXIBLE DOOR STOP 2/CARD"
76670000336,"3"" HI TECH ROLLER"
82472203202,"3"" JIG BLD 2CD"
82472203219,"3"" JIG BLD 2CD"
19442133634,"3"" JIM CAP"
82472340488,"3"" LENOX HLSAW"
39003099285,"3"" PADS"
16017320031,"3"" PARING KNIFE"
22384105300,"3"" PLASTIC TAPE KNIFE"
631606000000,"3"" PURDY BRUSH"
79819703327,"3"" ROLLER"
79819703426,"3"" ROLLER"
77089938050,"3"" ROLLER COVER"
76670510347,"3"" ROLLER FRAME"
44359007006,"3"" ROLLER SPEED KIT"
39003090787,"3"" RUBBER CUPS"
75877533012,"3"" TAPE KNIFE"
8781867300,"3"" UTILITY HINGE BP"
8781861308,"3"" X 3"" BUTT HINGE BP 1 PAIR/BOX W/S"
33923978002,"3""NON MORTISE HINGE"
77089850550,"3""POLY FOAM PAINT BRUSH"
39003093368,"3""S/GLIDE-2 SQ PAD ALMOND"
39003093351,"3""S/GLIDE-2 SQ PAD BLACK"
39003093375,"3""S/GLIDE-2 SQ PAD WHITE"
83771871116,"3""WIRE CUP BRUSH COARSE"
83771871123,"3""WIRE CUP BRUSH FINE"
15812711013,"3""X 1000` CAUTION TAPE"
33923011426,"3""X3""UTILITY HINGE"
77922806782,"3""x300` Wet Paint Tape"
32094110037,3# DOUBLE FACE HAMMER WOO
32094112130,3# DRILLING HAMMER FBGLS
77578053417,3.0 DROP CLOTH
2565900000000,3.0A IPHONE CHARGER
39725021175,3.2A SGL SPD Jigsaw
53188315053,3.5 & 5GAL PLASTIC COVER ONL
82472203264,"3.5"" JIG BLD 2CD"
75877179258,3/16  BIT
79055008149,3/16 ARROW LONG ALUM RIVET
79055008125,3/16 ARROW SHORT ALUM RIVET
37459119939,3/16 BINDING HK 11993
24721029058,3/16 BIT  MASON
346313444,3/16 BOSCH BIT
76812001221,3/16 FLAT SCREWDRIVER
42526611124,3/16 HANSN MSRY BIT
45325131312,3/16 HEX SHANK DRILL BIT
74972972900,3/16 NUT DRIVER
24721029225,3/16 TAPCON BIT
43374491647,3/16 TILE SPACERS
74972972214,3/16 X 10
45325133033,"3/16"" GLASS & TILE DRILL"
28877525747,"3/16"" TAPCONE BIT"
28877525761,"3/16"" TAPCONE BIT"
20418201707,"3/16"" Wire Rope Clip"
346280333,3/16SDS BIT
20418201653,3/16STL/Zinc Quick Link
33923926393,"3/16X1.5""EYE BOLT 2C"
92503270028,3/16X5/16 VNYL TBNG
76812005595,3/32 NAIL SET
74972911725,3/32 NAIL SET
76174581133,3/32 SQ Nail Set
631579000000,3/4 1/2 GORTON RISER AIR VALVE
42805727003,3/4 BRASS VALVE
32076555757,3/4 CABLE CLAMPS
74972911817,3/4 COLD CHISEL FORGED
91712203933,3/4 GLOVE VALVE
75877211019,3/4 HOOK & LOOP
24721029041,3/4 MASNORY BIT
64849340055,3/4 PIP COVER
98268609318,3/4 PRESSURE VALVE
79819707929,3/4 ROLLER COVER
49223528571,3/4 TACKS
76174163124,3/4 WOOD CHISEL
74972911220,3/4 WOOD CHISEL
24721029201,"3/4 X 13"" MASNORY BIT"
43374608717,3/4 X 3/4 ANGLE IRON
38561306071,"3/4"" 45 PVC ELBOW"
39003099605,"3/4"" BRN SQ Felt Pad"
39003090954,"3/4"" SWIVEL GLIDE BRASS"
43374024937,"3/4""COPPER TUBE INSULA"
82472340129,"3/4""LENOX HLSAW"
39003095638,"3/4""WHT VINYL BUMP"
75877034205,"3/4""X1/4X17'"
75353015155,"3/4""X15` MANCO MTG TAPE"
25188072311,"3/4""X17 BRADS-HANDI BOX"
77746121412,"3/4""x4` Corner Saver"
92503270103,3/4X1 VINYL TUBING
19199037346,3/4X10 FH PHIL SMS S/D
76174304954,3/4X16`STANLEY BRAND TAP
636660000000,3/4X18 BLACK NIPPLE
43374608489,3/4X3/4 ALUM. ANGLE
77578029092,3/4x36 GLD Seam Binder
77578029061,3/4x36 SLV Seam Binder
19199037261,3/4X6 FH PHIL SMS S/D
75353043608,3/4x60` Elec Tape
77578012247,3/4X7/16  SPONGETAPE
76812001115,"3/6""PHILLIPS SCEERDRIVER"
75352085142,43898
79819855927,3/8  ROLL CV
75117109830,3/8  roller
71555038503,3/8  SISAL  ROPE
75352185149,3/8 CONCRET BIT
38728411013,3/8 GROMMT KT(24)
42526611247,3/8 HANSN MSRY BIT
75877479259,3/8 MASONRY BIT
74972972948,3/8 NUT DRIVER
28076004388,3/8 ROLL
77089503890,3/8 roller
75877792013,3/8 SPEED
75877792198,3/8 SPEED
75877792204,3/8 SPEED
75877792822,3/8 SPEED
75877792891,3/8 SPEED
38613179516,3/8 THREADED ROD
76670709383,3/8 WHITE DIMOND
74972911206,3/8 WOOD CHISEL
24721029164,"3/8 X 13"" MASNORY BIT"
75877092823,"3/8 X 16"" BIT"
75352085609,"3/8 x 6""   Masonry Drill Bit   Card"
45325133064,"3/8"" GLASS & TILE DRILL"
38728411044,"3/8"" GROMMET (24)"
84389019631,"3/8"" TUCKPOINTING TROWEL"
76812001283,"3/8"" X 8"" SCREWDRIVER"
83771303532,"3/8""COUNTERSINK"
20418201738,"3/8""Galv Wire Rope Clip"
20418201677,"3/8""STL/Zinc Quick Link"
40395701052,3/8-16 STL Coupling Nut
20418201530,3/8Galv Scr Pin Shackle
76335222011,3/8SPEE  VAL
76335222028,3/8SPEE  VAL
92503270059,3/8X« VNYL TUBING
43374066197,3/8X«X10 SPONGE RUBBER
346281118,3/8x4 SDS Hamm Bit
29274005603,3` BRS Shelf Standard
29274006006,3` WHT Shelf Standard
53188213304,30 13 Gal Kitchen bags
73502001059,30 belt
40235750325,30 seconds/outdoor cleaner
76174334302,30' stanley powerlock
75877048066,30'' WAND SPRAYER
76812019004,"30"" BOLT CUTTER"
74972925340,"30""BOLT CUTTER"
75877616005,30.JIMMY  BAR
76174308303,30` Leverlock Tape
76174337303,"30`X1.25""FAT MAX TAPE"
46135157370,300 wts bulb
46135157424,300 wts bulb
39932030014,3001 PAR TYPE BULB CHANGER***
45923049590,300M  PS25 Med.
17801002577,300W T3 HALOGEN
53188103346,301P8HFS 3 GAL POLY SPRAYER
84298203039,"304X 20""X16""CANVAS MASON BAG"
84298203046,"304X 20""X16""CANVAS MASON BAG"
84298203053,"304X 20""X16""CANVAS MASON BAG"
38753307800,30780 4OZ PURPLE PRIMER
23906071752,309 4B
23906071691,309-1B 1Q
23906443276,309-42
23906071745,309-4B
23906152901,309-80 BLACK
12587785454,30GAL CLEAR TRASH BAGS
24826206309,30GAL GALV TRASH CAN W\LID
71555304509,30X26X45 WINDOW SCREEN
74507622317,30X30 ACRYLIC GLAZING
8781861353,"3«"" X 3«"" BUTT HINGE BP 1 PAIR"
76174121018,"3«""TRIM PLANE"
33923011433,"3«""X3«""HINGE"
19442213459,"3-1/16x4"" HOSE CLAMP"
82472340525,"3-1/4""LEN HLSAW"
23906090418,310
23906090449,310
23906943684,310-02
014045510059, MAP GAS 14OZ 
019800201333, 23OZ BLU Windex Cleaner 
019800909406, WINDEX GAL. 
021200572357, 3PK HD Scrub Sponge 
021200711329, MASKING GREEN 1X60 
021200711343," MASKING TAPE 2"" GREEN "
034129006247, MOP HEAD 24 OZ. 
034411112267, HOT WATER HOSE RED 50FT 
037000806752, Cascade 25CT Action Pac 
036000258196, 90CT Facia Tissue ASSTD 
037000351542, SWIFFER WET REFILL 
038548018263, 50PK Bi-Metal Blade11 
038613122703, SCREW EYE LAG 1/4X3-3/4 
040023100066, MOTOR OIL SAE20 
041294424646, 144OZ Pine Sol Cleaner 
041333415017, DURACELL AA 4 PACK 
041333424019, DURACELL AAA 4PK 
041333515403, DURACELL PROCELL AA 
041333825014, DURACELL AA 8PK 
041333844015, DURACELL AAA 8PK 
041333857954, DURA 24PK AAA Battery 
716341100025, 3PK9x3/8 WHT Dove Cover 
042909354211, EC GAL WHT FLT Finish 
042909358554, SEMI GLOSS WHT GAL. 
042909670038, EGGSHELL PASTEL GAL 
042909670052, FLAT PASTEL GAL 
044123361181, EXT CORD ORG 14/3 50 FT. 
044123678555, MOP HEAD 32 OZ. 
044600012049, 32OZ CloroxCleanUpSpray 
044600300580, 32OZ Fresh Scent Clorox 
045923019593, 35W 12V MR 16 FMW 
000346496116, 165' Laser Measure 
046135205842, F40DL/835 
047034351401, BUILDING PAPER BROWN 
048011140025, STAINLESS STEEL CLEANER 3 
051115036835," MASKING TAPE 2"" BLUE  "
052088000465, ME BLK 6Out Surge Strip 
052088062517, SUMP PUMP/GARDEN HOSE- 
052088076767, MT 15x30 BLU Tarp Cover 
052427600356, GORILLA TAPE 35 YD 
054600002865, FANTASTIK TRIGGER 32 OZ. 
071649056895, MASTER 7KA #P761 
071649335105, MASTER 5D PADLOCK 
037000527787, 6PK MR Charmin Soft 
077027050004, 9.8OZCLR Wind/DR Caulk 
064277063021, 2CUFT Org Potting Mix 
081999224103, 2X4X8 WOOD STUD 
045923081316, F28T5/830 
084305389992, BUCKET 5 GALLON EMPTY 
094922497680," RAM BOARD 38""x100'  "
086876176445, R/M 6130 BUCKET/WRINGER 
090149200720," WRAP PLASTIC 20 ""X 1000' "
091919338001, DOLLY CARPETED 18X30 
094922670182, 61x10x90 Mattress Cover 
351138175147, DUST MASKS 3M 8210 20PK 
645397931249, NEBO SLYDE+ FLASHLIGHT 
029054014504, 10YR Smoke/CO Alarm 
811907029267, N95 Respirator DustMask 
737857786930, RAGS TERRY CLOTH 60PK 
785007291568, GFI OUTLET WHT 03'UL 
86072110, MUL-T RIM CYL 26D 206S 
885911065252, 18V XRP Hammerdrill Kit 
890949002025, BALLAST 2/F54T5 
890949003008, BALLAST 2/F96 or 1/96 t12 
038613113121, BRACE CORNER STL 1.5X5/8I 
077089115017, ROLLER COVER PYLAM 9X1/2I 
077089021301, ROLLER MINI WOVEN WHT 3/8 
077089410129, LINER PAINT TRAY PLSTC 9I 
077089021325, ROLLER MINI WOVEN WHT 3/8 
077089214048, BRUSH ANG SASH POLYESTER  
077089214031, BRUSH ANG SASH POLY BLEND 
051136000051, PHENOSEAL WHITE 
070798181014, Alex Plus White 
038613113046, BRACE CORNER STL 1X1/2IN  
076174680126, SCRWDVR MULTI-BIT 7-3/4IN 
076706182029, DOUBLE JEPORARDY GLUE BOA 
047719044284, READY PATCH 1/2QRT 
081099004292, QRT JOINT COMPOUND 
051115036828, TAPE MSKG PAINTER 1.41INX 
043168901079, Pk 4 Lightbulbs 75W Basic 
043168901055, 376Pk 4 60W Bulbs Basic 
051115036811, TAPE MSKG PAINTER .94INX6 
047034108449, BAG RAGS 
046135151606,  Sylvania BR30 Bulb 
081099000058,  GAL JOINT COMPOUND GRN   
017801002300, BULB REFLEC FLDLT MED R20 
042351422209, YELLOW MATTRESS BAG 
049223500249, HANGER PICTURE PRO 30LB C 
017801002201, BULB DCRTV CLEAR GLOBE G2 
070798103085, PLASTER OF PARIS 4LB 
042351411654, DROP CLOTH PLASTIC 1MIL 9 
079567490005, WD-40 3OZ. CAN 
072868000157, TRAP MOUSE WOODEN 2/PK 
073088009302, TOILET SEAT WOOD WHIT RND 
042351412200, CLOTH DROP PLASTIC 2MIL 9 
081099203602, 5 GAL JOINT COMPOUND 
041333116013,  BATTERY 9V DURACELL 
023906121815, GAL M/C FLAT WHITE 
098262506408, PAINT PAIL PLASTIC INDSTR 
045734926974," 4"" BRUSH CHIP WHITE "
023906122218, GAL M/C SEMI WHITE 
017801776805, BULB HALOGEN FLD GU10 50W 
045734999022, PLUNGER 21IN HDL HI CAPAC 
017801002218, BULB DCRTV WHITE GLOBE G2 
051131973329, MOVING BOX 22X22 
027856100012, DRAIN OPENER HEAVY DUTY 3 
070798102002,  PASTE SPACKLING HD 1/2PT 
070798184251, ALEX PLUS FAST DRY WHITE 
039922540226, CAULK GUN GATOR GRIP HD 
716341078706, ROLLER COVER DRALON 9X3/8 
716341078805, ROLLER COVER DRALON 9X1/2 
047719010081, 047719010BIN PRIMER SPRAY 
082826000068, BRUSH FOAM JEN STRT 2IN W 
032664155406, Duplex Plastic Wall Cover 
050197701044, MIX POTTING ORGANIC 
023906053482, GAL REGAL MATTE BASE 1 
023906053680, GAL REGAL EGGSHEL BASE 1 
098262000753, LRG Black Liner 
077922766505, TAPE DUCT 1.88INX55YD 
023906053369, GAL REGAL FLAT BASE 1 
023906028138, COLOR SAMPLE B1 
071497105844,   WOOSTER BRUSH 2IN ANGLE 
071497105646, WOOSTER BRUSH 2IN 
023906001278, P22 Gloss Battleship Gray 
045734926936," Chip Brush 1-1/2"" "
023906054007, GAL REGAL SEMI BASE 1 
039800088635, BATT LI WATCH & CALCULATO 
043168901093, Pack 4 Bulbs 100W 
051115070532, SANDING SPNG WET/DRY ANG  
045734666085, PLUMBERS TAPE 1/2X.004X26 
047034108111, WHITE PAINTER RAGS 
051131969469, MOVING BOX 18X18 
076607016171, 04-1/2 METAL CUTOFF WHEEL 
047034107565, WHITE TERRY TOWELS 6/ROLL 
049223500218, HANGER PICTURE PRO 5LB CA 
071497167767, BRUSH CHIP WHITE BRISTLE  
724504156499, GAL VALSPAR GLOSS WHITE 
