barcode, name# 20 WET MOP REFILL, 071555006205
#0 SIGN, 014973932206
#1 PHILIPS SCREWDRIVER, 074972972078
#1 SIGN., 014973931230
#1 SIGN., 014973931308
#16 MOP, 6619650000000
#2 BIT, `738226450063
#2X10'' SCREW DRIVER, 074972972245
#3 PHIPS SCREWDRIVER, 074972972092
#3 SIGN, 014973931254
#4 SIGN, 014973931261
#5 DOOR CLOSER, 075877015556
#7, 039257477006
#7 SIGN., 014973931292
#8 SIGN, 014973932183
#9 SIGNS, 014973932190
#9 SNGL EDGE 100PK BULK, 024500663800
`OZ`FURNITURE CRM POLISH-16 OZ, 010284124156
0 X 3" PHILLIPS MAGNETIC TIPPED SCR, 008781952112
01360 ICE PICK/CRUSHER, 070950013603
30699353019, 030699345816
03113 5* SINGLE CYL DEADBOLT PB, 053188031137
32664539428, 098499847039
04114 5* DOUBLE CYL DEADBOLT PB, 053188041143
04646 5* 5"AL FLIP-DWN DR HLDR, 053188046469
07565 DRX 15"RIPPING CHISEL, 074972075656
76670000152, 076670003788
79567100089, 019442176570
79567100089, 019442176594
08211 5* PRIVACY LOCKSET PB, 053188082115
09251 5* 4"BP NO-MRTS HINGE PR, 053188092510
09373 5* 2"ZP STRAP HINGE (PR), 053188093739
09374 5* 3"ZP STRAP HINGE (ZP), 053188093746
09375 5* 4"ZP STRAP HINGE (PR), 053188093753
09376 5* 5"ZP STRAP HINGE (PR), 053188093760
09841 5* 3"BP NRRW UTIL HNG PR, 053188098413
09976 5* 5* XHVY BARREL BOLT, 053188099762
09977 5* 6" XHVY BARREL BOLT, 053188099779
09998 5* 4" BP BARREL BOLT, 053188099984
« COLD CHISEL FORGED, 074972911800
« GAS VALVE, 054956828539
« GAS VALVE, 054956828577
« TACK, 049223528533
« WOOD CHISEL, 074972911213
«" DRIVE PIN (100 PER BOX), 008781980009
«"xClose Nipple, 636661000000
«X10 FH PHIL SMS S/D, 019199037339
«x10` M Hard COP Tube, 662386000000
«X6 FH PHIL SMS S/D, 019199037254
«X6"EYE BOLT 2C, 033923926423
«X8 FH PHIL SMS S/D, 019199037285
1  INCH  ANGLE  VALVE, 082647083837
1  INCH  ANGLE  VALVE, 082647083844
1 /16 tile spacers, 084389021238
1 1/2 BLUE TAPE, 162627000000
1 1/2 BLUE TAPE, 094922065438
1 1/2 BLUE TAPE, 094922065452
1 1/2 cp P trap less C/O, 042805009116
1 1/2 cp P trap less C/O, 042805009307
1 1/2 ELBOW PIP, 042805879733
1 1/2 speed bore, 075877793119
1 1/2" SLIP TEE, 708939000000
1 1/4 cylinder, 036448024957
1 3/8 DIAMOND SAW, 8413800000000
1 SPRING CLAMP, 074972946949
1 SQ M PEELAWAY CLOTH 3PK, 027691010064
1" COP 90 DEG Elbow, 683264000000
1" felt pads, 074523271902
1" STEEL BRACKET, 093581001542
1" WOOD CHISEL, 074972911237
1" WOOD CHISEL, 032972911237
1"mini spring clamp, 076812032805
1"X15 FT RATCHET TIE DOWN, 093554016207
1"X15 FT RATCHET TIE DOWN, 093554016252
1.0 mil DROP CLOTH, 9637170000000
Gam Paint Brushes 9ft. x 12ft. Sentinel Clear Plastic Drop Cloths DC90101, 076670901015
1.250 US2C CD SCR HK, 033923926935
1.4 x 3ft tape measure, 074972900651
1.5L Mist Hand Sprayer, 029925622166
1.5V BATTERY, 6957050000000
1/  WOOD  CHISEL, 074972912340
1/ 3" SCREWDRIVER, 008781530129
1/16"TILE SPACER 250, 087961791161
1/2  ANGLE TOP VALVE, 082647201033
1/2  ANGLE TOP VALVE, 082647201637
1/2 " boiler drain, 082647205130
1/2 " boiler drain, 082647205147
1/2 " THREADER ROD, 887480000000
1/2 BIT, 075877579256
1/2 CUP SCOOP, 070537001207
1/2 roller covr, 079819443926
1/2 VALVE, 082647201064
1/2 VALVE, 082647099555
1/2 WOOD CHISEL, 075877790156
1/2 X 12" MASONRY BIT, 010731122780
1/2" FIPx3/8" COMP ANGLE STOP, 054956828546
1/2" GATE VALVE, 082647514683
1/2X3/8 SWEET ST VALVES, 082647291102
1/4 BIT, 010731112514
1/4 BIT, 010731112552
1/4 BIT, 010731112750
1/4 BIT, 010731122513
1/4 BIT, 010731122612
1/4 BIT, 010731122629
1/4 BIT, 010731122667
1/4 BIT, 010731122698
1/4 BIT, 010731122711
1/4 BIT, 010731122728
1/4 BIT, 010731122735
1/4 BIT, 010731122537
1/4 BIT, 010731122575
1/4 HIGH SPEED BIT, 075877790637
1/4 ROLLER PAINTERS, 149819000000
1/4 TAPER PUNCH FORGED, 074972911848
1/4 X 12" MASONRY BIT, 010731122742
1/4 X 6" MASONRY BIT, 010731122605
1/4pt pvc cement, 005464707000
1/4X36 THREADED, 099385030306
1/8 MASONRY BIT, 075877079251
1/8" CONCRETE BIT, 075352085005
10  FT MEASURING TAPE HV1010, 076812121875
10 en 1 p tooll, 000370709015
10 FT TAPE MEASURE, 075877010001
10' HDMI CABLE, 840120000000
10 IN 1 MULTIPURPOSE TOOL, 080497880606
North American Salt 16290E Ice-A-Way De-Icing Salt 10 Lb (Pack of 6), 041482162909
10 SPEED BLENDERS, 037005553149
10 VISE WRENCH, 074972985290
10 X 1-1/4     ZC PH PH TAP SC, 7501810000000
10" ADJ. WRENCH, 075877795069
10" ADJ. WRENCH, 075877795083
10" ADJ. WRENCH, 075877795106
10" ADJ. WRENCH, 075877795120
10" ADJUSTABLE WRENCH CARDED, 008781953140
10" CIRCULAR BLADE, 075877791504
10" PIPE WRENCH, 074972987034
10" PIPE WRENCH DUREX, 074972077032
10" SCREEN  26"X45", 071555104505
10" SCREEN  26"X45", 071555184507
10"MAXXGRIP BLUE JOINTK, 079423092602
100 FT MODULAR EXTENSION, 039612981025
100 ft orange ext h d, 032664217302
100 LIGHT SET, 6920240000000
100 ultra brite lights, 799519000000
100% ACRYL SDNG STN      WHITE, 023906811310
Miracle-Gro All Purpose Foam Indoor Plant Food, 8-Ounce (12Pack), 073561000529
100A19F 100W  4-Pack Med., 045923017148
100FT EXT CORD, 029612137973
100K19  Directional Reflector 2-pac, 045923049798
100W A19  Med., 045923060540
100W Dble Envelope Halogen-CD/1 Med, 045923034770
100W GLOBE BULB, 045923036439
100W T10 FROSTED HALOGEN BULB, 046135188497
10-14 PLASTIC ANCHOR ASST, 019199016686
10-24 X 3" MACHINE SCREWS, 3685270000000
1090' NYLON TWINE, 023316005767
10CUP  COFFE MAKER, 037005552982
10LB CUST WHITE DRY GRT, 010186081762
10M/33' TAPE MEASURE, 076812901330
10PC PERMA CEMENT, 034219101104
10QT.FLAT BOTTOM FIRE PAIL, 024826201175
10TO12    PLATE  HANGER, 088651000020
10TO12    PLATE  HANGER, 088651000044
10W LED BULBS, 014567136195
1«"LEN HLSAW, 082472340242
1«X10 FH PHIL SMS S/D, 019199037377
1«X8 FH PHIL SMS S/D, 019199037322
11" DOOR SPRING, 053188023736
11" NYLON TIES 100PK BLAC, 074972070897
11/2 ALUMINUM ANGLE, 030699434800
11/2 c clamp, 008781536121
11/2 CAP, 019442347710
11/2" NUMBER, 014973930028
11/2" NUMBER, 014973930035
11/2" NUMBER, 014973930097
11/2" NUMBER, 014973930363
11/2" NUMBER, 014973930370
11/2" NUMBER, 014973930387
11/2" NUMBER, 014973930462
11/2" NUMBER, 014973930189
11/2" NUMBER, 014973930660
11/2" NUMBER, 014973930677
11/2" NUMBER, 014973930790
11/2" NUMBER, 014973930820
11/2" NUMBER, 014973930837
11/2" NUMBER, 014973930899
11/2" NUMBER, 014973930905
11/2" NUMBER, 014973930967
11/2"x 60 YDS BLUE TAPE, 021854001173
11/2X31/2 BRASS NIPLE, 019442348007
11/32 NUT DRIVER, 074972972931
11/32`` NUT DRIVER., 008781533045
11/4 CAMPERS/AXE, 000370211563
11/4 P TRAP, 671455000000
1-1/4 WOOD CHISL, 074972911244
11/4X10 FH PHIL SMS S/D, 019199037360
11/4X12 PH(+)SLF DRL SMS, 019199035687
11/4X8 FH PHIL SMS S/D, 019199037315
1100CS FRANKLIN SOL BR KB, 020134011000
112-21 PORCH AND FLOOR, 023906139445
112-72, 023906140243
1157 LIGHT BULBS, 028845001969
11OZ 5*WET/DRY ROOF CEMEN, 053188310928
12 CUP COFFEE MAKER, 039612119510
12 LED FLASH, 039953530487
12 QT BUCKET, 071691223764
12 QT BUCKET, 071691223832
12 speed  blender, 040094521821
12' TAPE, 076812901125
12 VOLT CORDLESS DRILL, 3/8" KEYLESS, 008781011369
12 VOLT CORDLESS DRILL, 3/8" KEYLESS, 008781011482
12 VOLT CORDLESS DRILL, 3/8" KEYLESS, 008781011123
12" WRECKING BAR, 074972075663
12" X 14" WHITE SHELF BRACKETS, 008781402129
12"SLIP GROOVE PLIERS, 074972955194
1202CS 1"BRASS LK 622, 020134012021
1203CS 1-1/4 BRASS LK 623, 020134012038
120VOLT SMOKE ALARM W/RIN, 042741007856
1222 5* SASH LOCK, 053188112225
122-21, 023906040048
122-3B, 023906786212
122-70 FLOOR & PATIO, 023906152062
122-74, 023906152086
12-3 12FT BX CABLE, 077680201423
12FT CORD, 029612000857
12' Extension Cord, 032664129902
12FT RG-59U COAX CABLE, 039612100969
12V LITHIUM-ION DRILL/DRIVER, 811285000000
12X12  STICK  TILES, 088969170613
12x12x5/8 Corner Shelf, 098802580059
12X14 HD TARP, 023316512142
12X3/4 TAPE MEASURE, 008781511111
12X32 BLUE POLY TARP, 720435000000
13 gallons kitchen bags, 070052546283
13 gallons kitchen bags, 070052546290
13 PC DRILL BIT SET, 093554011301
13 PC. HIGH SPEED DRILL BIT CARDED, 008781934132
13 professional tile cutter, 008781538118
13/16 COMBINATION WRENCH, 008781551209
1-3/8"LEN HLSAW, 082472340228
133, 023906143367
133-01, 023906141561
13922 150W PAR38FL 130V, 046135139222
13GALS TRASH BAGS, 076914941449
13PC DRILL BITS, 093554104997
14 BOLT CUTTER, 008781504038
14"  Deluxe Pol Chr Picture Light, 045923722097
14" Brass Finish Slimline Picture L, 045923722134
14" hand saw, 075877157324
14" PIPE WRENCH, 074972987041
14" PIPE WRENCH DUREX, 074972077049
14"PATIO BROOM, 075877460011
14.4 SKIL CORDLESS DRILL, 039725024374
14«" NYLON TIES 100PK, 074972070842
14QT, 073149122100
Rubbermaid Bucket, 14 Qt (Pack of 6), 071691224235
14W LED 3000K, 014567136256
14x14 Plas Access Door, 741337000000
15 FLAT BUNGEE STRAP, 007587701458
15' HDMI CABLE, 091324333028
15' OUTDOOR EXT CORD, 029612137157
15 Pc Phileps Bit, 099385037008
15 Pc Phileps Bit, 099385037503
15 Trash bags, 053188233159
15" 9PT WOOD HNDL TOOL SA, 074972922158
15" PB / Ice Rib Flush Dome, 045923761898
150 FT SISAL, 071555001651
150 SAND PAPER, 117607000000
15A IVY GRND 4WY Switch, 785008000000
15FT A/C EXT, 029612000864
15FT BLACK EXT, 4078690000000
15FT BLACK EXT CORD, 029612137164
15FT EXT BLACK, 039612101478
15W BULB, 045923071966
16 INCH OSCILLATING FAN CZ ST161, 075877161611
16 INCH OSCILLATING FAN CZ ST161, 075877031204
16 INCH OSCILLATING FAN CZ ST161, 075877031600
16 oz hammer, 000370210344
16 Oz Hammer, 000370210603
16 OZ HAMMER, 093554012308
16 OZ HAMMER YELLOW, 075877795557
16 OZ HAMMER YELLOW, 074972967166
16 oz mop head, 079921936163
16 OZ. BLACK RUBBER MALLET WOOD HAND, 008781956448
16 OZ. FIBERGLASS HANDLE CLAW HAMMER, 008781956110
16 OZ. FIBERGLASS HANDLE CLAW HAMMER, 008781956318
16 OZ. WOOD HANDLE RIP HAMMER, 008781956226
16 X 20 BLUE POLY TARP, 035904016208
16" OSSC. FAN, 075877116369
16" SQUEGGE, 071555200160
16.OZ RIP HAMMER, 008781521127
16.OZ RIP HAMMER, 008781521318
Great Neck Saw 40007 16-Ounce Straight Claw Hammer, 076812400079
16`X«" NEON ORANGE TAPE, 074972900187
16`X3/4" RUBBER MONSTER, 074972901153
160 5* 3-3/4" BP SASH LIFT, 053188101601
16OZ BOWL, 070652002929
16OZ FBRGLS CLAW HAMMR, 074972966046
16OZ HAMMER, 074972966039
16OZ HAMMER, 000370210160
16OZ STANLEY HEAVY DUTY HAMER, 6076170000000
17 1/2 X 17 1/2" AC FILTER, 031949489250
18 AWG 100` CLEAR SPEAKER WIRE, 075877163400
18'' BOLT CUTTERS, 074972925326
18 GAGE NAIL, 018239336531
18 RATCHETING BAR CLAMP, 074972946185
18" ALUM PUSHER, 049206164284
18" ALUM SNOW PUSHER, 079617801027
18" ALUM SNOW PUSHER, 079617801171
18" PIPE WRENCH, 074972987058
18" STEEL FLOOR SQ 1800, 020027015665
18" WRECKING BAR, 074972075670
180 DEGREE DOOR VIEWER SOLID BRASS C, 008781011802
185' NYLON YELOW TWINE, 023316100363
